,Insulate hot water cylinder with 80 mm jacket,Increase hot water cylinder insulation,Add additional 80 mm jacket to hot water cylinder,Hot water cylinder thermostat,Increase loft insulation to 270 mm,Cavity wall insulation,50 mm internal or external wall insulation,Replace single glazed windows with low-E double glazing,Secondary glazing to single glazed windows,Draughtproof single-glazed windows,Upgrade heating controls,Time and temperature zone control,Solar water heating,Replace boiler with new condensing boiler,Replace boiler with biomass boiler,Wood pellet stove with boiler and radiators,Fan assisted storage heaters and dual immersion cylinder,Fan assisted storage heaters,Replacement warm air unit,Change heating to gas condensing boiler,Condensing oil boiler with radiators,Fan-assisted storage heaters,"Solar photovoltaic panels, 2.5 kWp",Low energy lighting for all fixed outlets,Replace heating unit with condensing unit,Install condensing boiler,Change room heaters to condensing boiler,Wind turbine,Flat roof insulation,Room-in-roof insulation,Floor insulation,High performance external doors,Heat recovery system for mixer showers,Flue gas heat recovery device in conjunction with boiler,Replacement glazing units,Suspended floor insulation,Solid floor insulation,High heat retention storage heaters and dual immersion cylinder,High heat retention storage heaters,Party wall insulation
total_floor_area,0.004430549,0.0023045205,0.00013051248,5.452896e-05,0.002016384,0.0006064361,0.013672369,0.004751862,0.011448574,1.2559826e-05,0.047579702,0.00093861815,0.013156932,0.0002256939,0.004625135,0.021789376,0.003742815,3.437853e-05,0.0021288914,0.007822557,0.00018904456,0.0011489753,0.0008107828,0.0027336986,0.0032214408,0.010855553,0.00013137473,0.00948332,0.0015006489,0.000960121,0.005305265,0.0071301917,0.00032622027,0.0006294622,0.000984335,0.0011590793,0.0022369823,0.01133024,0.0025923245,0.0032056598
floor_level_numeric,0.013645941,0.001042734,0.00024765418,0.14898087,0.049940147,0.0041234875,0.0016201911,0.030717075,0.01989566,0.04219561,0.02092189,0.017100977,0.032082036,2.4037248e-05,2.8758677e-05,0.0096271895,0.0022575138,0.74150836,0.004180058,0.0002796899,0.00029708695,0.0009846996,0.0038484137,0.0041776495,0.00087607495,4.2757918e-05,0.00015028373,0.48196128,0.0024128072,0.0025770843,0.012665036,0.010080557,0.0014794533,0.0005829402,0.006980266,0.0033449293,0.00030189956,0.00046167403,0.010090053,0.0039904993
flat_storey_count,2.786355e-06,0.048290867,0.06680008,0.0,0.0002896048,0.04115664,0.0053608273,0.022015914,0.0040392284,7.171675e-09,0.0,0.028273523,0.0011330516,0.0006944756,0.0,0.0017301351,0.00060648844,2.3575494e-08,0.035420835,9.0710244e-05,0.0013510453,0.0022521538,0.056570865,0.04040132,0.0,5.3606946e-05,0.0019361856,1.6707348e-08,0.0017272108,0.0016390249,0.018711703,0.013514982,0.0013876932,0.00033630963,0.000296154,0.00087225187,0.0010714342,0.0053331726,0.0021675292,0.0068934034
multi_glaze_proportion,7.243798e-05,0.0010093823,0.00010328977,0.0005090333,0.0027965428,0.031787805,0.015197367,0.001530208,0.0012049975,0.014163794,0.010111407,0.0029426988,0.00043823576,0.00042798585,0.0064756656,0.0002828107,0.0040134406,0.00022194338,0.003812293,0.01849209,3.2596965e-06,0.0022584116,0.0090483725,0.008800372,0.008627097,0.011226295,5.4943474e-05,0.00012224399,0.0023239185,0.000114415,0.1406414,0.03951092,0.4288804,0.004328384,0.00070326217,0.00011217332,0.00011004708,0.003620109,0.030217798,0.0033451181
extension_count,0.0012682161,0.00021141005,0.00027248854,0.0012152775,0.006462779,0.00017950244,0.0015793531,0.0009474307,0.0012187851,0.04154843,0.012263525,0.12708083,0.024438972,0.00017071851,0.0037793815,0.0057104668,0.014708362,8.01414e-05,0.013394316,0.011139742,0.014043653,0.0016156238,0.0038047393,0.0022080978,0.0065951105,0.017497215,0.0015833877,1.09949415e-05,0.0066694655,0.003862065,0.0017499133,0.009464155,0.0041352897,0.0014367102,0.036913786,0.0027526824,0.00090217346,0.0014557799,0.00031662156,0.00166778
number_habitable_rooms,0.0019584382,0.0007122146,0.00021791871,5.3080803e-05,0.00015862647,0.0003903128,0.011041593,0.0036640915,0.0064064446,0.05169784,0.020903805,0.00078583875,0.0015928405,0.0005610092,0.008180847,0.056824,0.000788076,0.00061687146,0.0071592983,0.013860966,0.014024896,0.0011582501,0.00095048395,0.0014066916,0.010491882,0.016766062,0.00011472497,0.00397196,0.030647477,0.03638213,0.0017894491,0.01145539,0.00078980305,0.00038586053,0.0025385818,0.0009401192,0.00071032625,0.0043884893,0.002768142,0.0037908778
number_heated_rooms,0.0036792168,0.0029597406,0.008358597,0.00045679542,0.00019377306,0.000178425,0.02205136,0.0037070373,0.006693899,0.102198444,0.001350724,0.006601063,0.015592463,0.00069585425,0.016558003,0.042988583,0.015478609,0.00022331782,0.015305314,0.029406443,0.007572155,0.001536289,0.0014356504,0.0022574519,0.004188339,0.022676228,0.016227236,0.0032086817,0.033585522,0.16474682,0.0006638472,0.012267726,0.005841112,0.0003484356,0.026050847,0.00043873824,0.0003985468,0.019471768,0.002777038,0.0050802184
low_energy_lighting,0.021073088,0.00059594313,0.00022277833,0.008335611,0.0036653497,0.0028061636,0.0045140446,0.017498164,0.0013919165,0.0010601747,0.00540873,0.005816522,0.0005011735,0.00029638124,0.009286552,0.018755607,0.6096148,3.0431904e-05,0.0041306945,0.022226304,0.00013810073,0.00096035254,0.0013989947,0.008654745,0.0104201585,0.012295105,0.0010432071,6.458624e-06,0.0014301722,1.801677e-05,0.0019788991,0.01376112,0.002670721,9.1795446e-05,0.0021281638,0.009281324,0.00018685545,0.0014008059,0.00084157445,0.0020078104
low_energy_lighting_perc,0.00038057563,0.00022838682,0.0002048088,0.00053529436,0.00055142253,0.0005087938,0.0030641125,0.002808884,0.0006542767,0.0002930194,0.0028241323,0.0005372208,0.00024461088,0.00020522159,0.005763187,0.0074669556,0.09220507,1.6841659e-05,0.0025113937,0.013634062,8.999706e-05,0.00082456786,0.0004342181,0.0003797634,0.006683942,0.015597024,0.00010323931,2.2672324e-05,0.0010824517,4.04418e-06,0.00054054626,0.009549793,0.00030674346,8.057417e-05,0.0003344943,0.00034996448,0.00019956662,0.0005639801,0.00044424407,0.0023883302
number_open_fireplaces,0.0,0.0,1.6549957e-05,0.0,0.0002917267,0.0001903555,0.0054848427,0.0053476114,0.0018083608,0.0,0.001319835,0.0013822978,5.048823e-05,0.0001782077,0.009361258,0.007903057,0.008501651,0.0030332701,0.0004289698,0.09318117,0.00022385913,0.0023051777,1.4596976e-05,0.00022297376,0.026399573,0.020926706,1.0147304e-05,3.9734332e-05,0.0034878883,0.00025481783,0.0032316607,0.005888322,0.00034265994,0.00024585394,8.7289154e-05,0.0027081922,0.00036369247,0.00015922575,0.00093289395,0.0044946694
hotwater_mains,0.000404031,0.037641983,0.001355265,2.4538416e-05,0.0,6.917056e-05,0.0030710564,0.02556009,0.0028808916,0.0,0.0,0.0034352117,0.0003261225,0.00043468594,0.008786801,0.0,0.00061343366,0.00013535078,0.01352515,0.0026294787,0.040444206,0.003659589,0.0043157735,0.026343625,0.01242787,0.010239344,0.0027414185,7.436894e-05,0.005181728,0.05169045,0.0067365156,0.01303239,0.0006240714,0.00011756838,0.00058746,0.0015225693,0.01498408,0.0067049745,0.0009869697,0.055411723
hotwater_immersion,0.00050682056,0.021945924,0.2523303,8.082309e-06,0.0,0.0,0.0016924139,0.049435116,0.0007209144,0.0,0.0,0.0016594562,0.0,0.0,0.005485031,0.0072964956,0.0,3.4869397e-06,0.04172918,0.0,0.070170894,0.0027823641,0.011193192,0.05981156,0.024107218,0.012770961,0.00013147446,0.0,0.00096106826,0.050142117,0.002564734,0.012079325,0.0,8.692469e-05,0.0005979723,8.187285e-05,0.0032685213,0.029184904,0.011712402,0.07634099
hotwater_commmunity,0.0,0.0041968375,0.0,0.0,0.0015472776,0.00034860047,0.0,0.0,0.006515881,0.0,0.0,0.000555726,0.0,0.0,0.0,0.0,0.0,0.0,0.0038802077,0.0,0.0,0.0,0.0004873355,0.0,0.0,0.0,0.0,3.798458e-06,0.0,0.0,0.0,0.005926528,0.0,9.8939934e-05,0.0008240856,0.0022784518,0.0,0.007553079,0.0064401454,0.013229124
hotwater_solar,8.0386344e-05,0.0004604389,0.0005612158,0.005935457,0.0048048696,0.0018748533,0.015611669,0.00075464055,0.00095318357,0.0011940866,0.0038804363,0.00043777216,0.002849301,0.0001496733,0.0036608472,0.014565856,0.00091924076,0.0012462038,0.0010932159,0.0,0.0,0.005085349,0.0,0.000413872,0.0,0.011967471,0.00082396314,0.008851696,0.00088369235,0.0,0.00045150964,0.0011718344,0.0,0.0,0.0,0.0,0.00023044406,0.00019408658,0.00086431287,0.00018789398
hotwater_gas,0.0,0.002909998,0.0,1.3292768e-05,0.00047998974,0.00075662887,0.0379119,0.0,0.00054862624,0.0,0.0,0.0031004883,0.00019363152,0.00018872652,0.0006650444,0.0,6.981576e-05,0.0,0.014588431,0.0,0.036167044,0.0016819463,0.0,0.0,0.0,0.0,0.00024016445,0.0,0.0048652478,0.0,0.0005478919,0.0,0.0,0.0,0.0,0.0,0.00052455685,0.0040128888,0.008597072,0.0020681226
hotwater_recovery,0.0,0.0,0.0,0.000351988,0.0,0.00075970934,0.0,0.0,0.0,0.0,0.0,0.0,0.00049418904,0.0,0.0,0.0,0.0,0.0,0.0,0.0,0.0,0.0,0.0,0.0,0.0,0.0,0.0,0.0,0.0,0.0,0.0,0.0,0.0,0.0,0.0,0.0,0.0,0.0,0.0,0.0
pitched_roof,0.010427566,0.0004474152,0.00023300036,1.4975867e-05,0.0006009851,0.0009072673,0.01473292,0.0055217273,0.0029002326,0.001062247,0.06803718,0.0006855588,0.06541517,0.0,0.0037649882,0.0,0.0003550719,0.0006739795,0.0034501462,0.0,0.0026137389,0.0010850922,0.0049180817,0.0,0.0,0.0,0.00012486095,2.0755464e-05,0.006451612,0.0018193568,0.0,0.016940307,0.00012285552,0.00016728154,0.0004465503,0.4818283,0.0,0.00066744344,0.0012177798,0.0009498281
flat_roof,0.0,0.0,0.0,0.0014012158,9.247721e-05,0.00025460098,0.0021701124,0.0014757174,0.00018435145,0.0,0.04123667,0.36251366,0.00016710676,0.0,0.0,0.0,0.00011868551,0.0,0.0010587288,0.0,8.627185e-05,0.0021426925,0.0002125085,0.00049034995,0.0,0.0,0.00022444937,9.24115e-06,0.0006898548,0.0,0.0,0.005218338,5.4426142e-05,0.000113612456,1.1792801e-05,0.0014453549,0.0,0.0,0.0002246992,0.0
wind_turbine_flag,0.0,0.0,0.0,0.0,0.0,0.0,0.0,0.0,0.0,0.0,0.00040078274,0.0,0.00026907388,0.0,0.0,0.0030166476,0.0,0.0,0.0,0.0,0.0,0.0,0.0,0.0,0.0,0.0,0.0,0.0,0.0,0.0,0.0,0.0,0.0,0.0,0.0,0.0,0.0,0.0,0.0,0.0
floor_height,0.043662194,0.0016687306,0.00087888015,0.017252168,0.019335425,0.029387675,0.029292922,0.0037225585,0.0074102147,0.102462344,0.0033340303,0.004519062,0.00041114684,0.0002815643,0.007594666,0.024939882,0.0012848455,0.00017987928,0.001277314,0.013150684,0.00027181554,0.0011853481,0.0058490504,0.005720095,0.0051006563,0.01503215,0.0007308995,1.681871e-05,0.0030082501,7.24561e-05,0.03187631,0.019420687,0.006688998,0.0008647393,0.0004939945,0.0007626214,0.00074874377,0.006886132,0.0018273989,0.0023884864
property_type_Bungalow,0.0,0.0,0.0,7.7243785e-05,0.005117976,0.00018645103,0.005265672,0.0009345505,0.0031520529,0.0048999353,0.01806652,0.0025883236,0.004258747,3.8507853e-05,0.006178558,0.0,0.0009557323,0.0008945049,7.9276084e-05,0.011188131,2.3009625e-06,0.0,0.0011199545,0.00030244596,0.009000884,0.00297294,2.3728515e-05,0.0005819534,0.0013454419,4.8936767e-05,0.0004985187,0.0,0.0,0.0006454965,0.011431157,0.002192564,0.00019962096,0.00032702577,0.0007621421,0.004895079
property_type_Flat,0.052429102,0.003927174,0.00050583854,4.1578267e-05,0.0,0.013178648,0.0035766752,0.02579221,0.020447308,5.563427e-06,0.020537885,0.00036333012,0.061747957,0.0,0.0,0.0,0.0025353243,0.13652031,0.0013478859,0.0,0.0012850381,0.0,0.0027670055,0.004899724,0.0,0.0,0.0,0.09479076,0.0036990673,0.0015320167,0.013078296,0.013499315,0.0010313275,0.0005228804,0.0035055818,0.00020309888,0.0,0.0,0.0043672933,0.00031950156
property_type_House,0.043458898,0.0,0.00021795765,0.00022731336,0.009993788,0.00012861352,0.0010993616,0.004665716,0.0006259682,0.0001004554,0.041174807,0.040055167,0.010922766,5.986509e-05,0.005715971,0.008439422,0.0018524057,0.014642351,0.002529092,0.0005853645,0.0,0.0018873147,0.0003774053,0.006153187,0.012235741,0.01092492,0.00014971542,0.0034775434,0.00067237794,1.1073547e-05,0.0053936653,0.012034477,0.0010724731,0.00047116182,0.0034886643,0.022234108,0.0003195016,0.0011630782,0.02961906,0.003538988
property_type_Maisonette,0.0013377987,4.226442e-05,0.0010954235,0.0,0.0,0.0,0.0025354675,0.010411739,0.010266632,0.0,0.0059293103,0.002561858,0.022456115,0.0,0.0,0.0,0.00090893306,0.026005996,6.3256295e-05,0.0,0.0,0.0,0.0,0.0,0.0,0.0,6.536764e-06,0.03701664,0.0,0.0,0.00028694692,0.0038159695,0.0014404769,0.00047183086,0.0,5.8849328e-05,0.0,0.0,0.0,0.000113791524
built_form_Detached,0.030140627,0.00023330626,0.00028384817,0.0019206535,0.00034744182,0.0010280431,0.0032417006,0.0010204582,0.0014364887,0.0,0.0094482945,0.0055854656,0.008019742,0.0,0.0071285935,0.021803614,0.00010836925,6.49599e-05,0.0,0.0061312094,4.39518e-05,0.00090472965,0.0014928492,0.00030671048,0.008144532,0.017778393,0.00011069269,0.00014735415,0.0013912406,9.2652945e-06,0.0003720726,0.011048482,0.0002688051,0.0007733237,0.0004217196,0.00028945963,0.00018621438,0.0004071319,0.0010997177,0.01243294
built_form_End-Terrace,0.00039840658,0.0,0.00035328045,0.0001212369,0.00050006184,0.0,0.0042564548,0.0029767468,0.0009961947,0.0006356676,0.0025071255,0.0,0.00049557665,9.426526e-05,0.0013669359,0.012697537,0.0,8.466535e-06,0.002763671,0.0,2.1861339e-05,0.0031106537,0.0,0.0,0.0010640607,0.009802271,0.0,1.32628975e-05,0.0,1.1246595e-05,0.00046451765,0.0071523795,0.00012762757,0.0014941267,0.00018947956,0.0008539171,0.0,0.00036803877,0.0014577177,0.0014904003
built_form_Mid-Terrace,0.005777988,0.0,0.0,0.011480382,0.027902327,0.0035273796,0.00446392,0.001706367,0.0027773264,1.1498002e-05,0.0038735322,0.003732558,0.0003936963,0.00015984348,0.001520429,0.019536084,3.232051e-05,5.069583e-06,0.0012482725,0.0,0.00034085792,0.0013311612,0.009441774,0.0,0.012919089,0.015454235,4.66515e-05,7.417622e-06,0.0035460799,0.00042156054,0.00039118863,0.016171396,0.00029148805,0.0030807895,0.0043027257,0.00053344684,0.0001465273,0.00055791874,0.0015885487,0.004041183
built_form_Semi-Detached,0.0010341139,0.00039127067,0.00012404946,7.526088e-05,0.004982979,0.008228158,0.0029858446,0.0026729037,0.0012578234,0.00750116,0.03523542,0.00043711383,0.00041327983,0.0,0.007610149,0.0071385214,0.0,0.0,0.000178865,0.049487676,0.0,0.002147215,0.004909204,0.00015571552,0.006049155,0.013203014,0.00011499354,1.3145736e-05,0.002013098,0.0,0.004758263,0.012449515,0.00016191325,0.0010922231,0.0004689225,7.532937e-05,7.420952e-05,0.0007420401,0.0025907669,0.0025264288
energy_tariff_24 hour,0.0,0.0,0.0,0.0,0.0,0.0,0.0,0.0,0.0,0.0,0.0,0.0,2.1426076e-05,0.0,0.0,0.0,0.0,0.0,0.0,0.0,0.0,0.0,0.004894109,0.0,0.0,0.0,0.0,0.0,0.0,0.0,0.0,0.0,0.0,0.0,0.0,0.0,0.0,0.0,0.0,0.0
energy_tariff_5,0.0,0.0,0.0,0.0,0.0,0.0,0.0,0.0,0.0,0.0,0.0,0.0,0.0,0.0,0.0,0.0,0.0,0.0,0.0,0.0,0.0,0.0,0.0,0.0,0.0,0.0,0.0,0.0,0.0,0.0,0.0,0.0,0.0,0.0,0.0,0.0,0.0,0.0,0.0,0.0
energy_tariff_Single,0.0,0.0153505085,0.00054300536,5.1614836e-05,0.00022689735,0.0067197485,0.0027555288,0.0048465035,0.0013924103,0.000382369,0.0023961042,0.0026536465,0.00014711719,0.0,0.004470622,0.014101248,0.0007537134,0.0,0.011218523,0.017028878,2.5968175e-05,0.001807973,0.00051741296,0.0021540006,0.011889732,0.012594868,0.007490987,1.9085777e-05,0.0018356182,0.0038041114,0.0003198972,0.012099824,0.00011063805,0.00028179964,0.0005732301,0.00021092333,0.0,0.00016252512,0.0009020619,0.001164374
energy_tariff_dual,0.001856151,0.0019932806,0.0013144424,2.6364267e-05,0.0,0.000206973,0.0027481527,0.009838185,0.0011089564,8.361725e-06,0.0008696565,0.0,0.0010308829,0.0,0.009069706,0.0071853856,0.0011297079,0.000130311,0.024792014,0.0,4.29971e-05,0.0021932623,0.00040318185,0.009233911,0.005638885,0.016038999,6.305179e-06,1.5529737e-05,0.00065260456,0.0,0.0,0.010286916,0.00011937691,0.00031154626,0.0009182753,0.00027353846,0.00029821333,0.005282492,0.0005423998,0.007164494
energy_tariff_dual (24 hour),0.0,0.0,0.0015679409,9.447614e-06,0.0,0.0,0.0,0.0,0.0,0.0,0.0,0.0,0.0,0.0,0.0,0.0,0.0,0.0,0.012359364,0.0,0.0,0.0,0.011836015,0.0,0.0,0.0,0.0,0.0,0.0,0.0,0.0,0.0,0.0,0.0,0.002700993,0.0,0.0,0.0,0.0002494719,0.0
energy_tariff_off-peak 10 hour,0.0,0.0029138662,0.0,0.0,0.0,0.0,0.0,0.0,0.0,0.0,0.00079315517,0.0,0.0,0.0,0.0,0.0,0.0,0.0,0.0,0.0,0.0,0.0,0.0,0.0,0.0,0.0,0.0,0.0,0.0,0.0,0.0,0.0,0.0,0.00031699316,0.0,5.001433e-05,0.0,0.0,0.0,0.0
energy_tariff_off-peak 18 hour,0.0,0.0,0.00023158961,0.0,0.0,0.0,0.0,0.0,0.0,0.0,0.0,0.0,0.0,0.0,0.0,0.0,0.0,0.0,0.0,0.0044448017,0.0,0.0,0.0,0.0,0.0,0.0,0.0,0.0,0.0,0.0,0.0,0.0,0.0,0.0,0.0,0.0,0.0,0.0,0.0,0.0018744785
energy_tariff_off-peak 7 hour,0.003662143,0.00011139553,0.0,8.76358e-05,0.0,0.0,0.004441356,0.0007489884,2.8961033e-05,0.0,0.0013329857,0.0039131707,0.00017158968,0.0,0.0005990455,0.0,0.0,0.0,0.016162906,0.0,0.0,0.0,0.0,0.0,0.0,0.0,0.0011279929,0.0,0.0029912058,0.0,0.0011770322,0.0,0.0014958465,0.0,0.00038775103,1.8444842e-05,0.0,0.0048815063,0.0,0.0
energy_tariff_standard tariff,0.0043759034,0.00024885798,0.0013648845,0.0,0.0,0.0,0.0,0.00045336396,0.0,0.0,0.0018013995,0.00092904584,0.0008060696,0.0,0.0,0.0,0.010159546,0.00017533895,0.0,0.0,0.0,0.0,0.0,0.0142159285,0.0,0.0,0.0,0.00018883469,0.0333535,2.5358588e-05,0.0002721273,0.0,0.0007387769,0.00012328522,0.00044347154,0.0,0.0,5.3970347e-05,0.0,0.006668793
mains_gas_flag_N,0.0,0.015054395,0.119828686,0.00061466754,0.001065178,0.0013308378,0.02084307,0.004309532,0.14505626,0.0,0.003810461,0.01469889,0.026219768,0.036659643,0.0152885495,0.03895742,0.005434186,0.00037816027,0.046709385,0.0,0.019709874,0.00025761136,0.024954828,0.059238072,0.053406492,0.025525605,0.009223771,0.0073172227,0.009409529,3.0025269e-05,0.002470039,0.013648018,0.008976367,0.0005203085,0.000289344,0.0002665809,0.00035822327,0.0025502497,0.011113211,0.019005252
mains_gas_flag_Y,0.0,0.014996614,0.07494867,0.0018637093,0.0,0.0015056265,0.025409162,0.0006682036,0.011476772,0.0,0.006823804,0.019980492,0.0021532094,0.013535445,0.003530384,0.0,0.01752522,0.0009973006,0.021097321,0.0,0.09624588,0.00024590082,0.015149468,0.045363892,0.043448485,0.01914519,0.07130554,0.0017691021,0.023559447,0.056783207,0.00060058525,0.0,0.0061961757,0.00046448645,0.0003674782,0.0004998409,0.08129841,0.0034775333,0.04460311,0.004758031
floor_level_classes_ground floor,0.0,0.0,0.0,4.221502e-05,0.0,0.0,0.0,0.00040136147,0.0014918875,0.020414561,0.0,0.0,0.0,0.0,0.0011042918,0.0,0.0,7.288885e-06,0.0,0.0,0.0,0.0,0.0017723491,0.0,0.0,0.0,0.0,0.0,0.0025679031,0.0,0.0,0.0,7.903709e-05,4.410731e-05,0.0013232131,0.00021054775,0.0,0.0,0.0,0.0
floor_level_classes_low floors,0.0006212565,0.0,0.0,0.15244974,0.059998658,0.0,0.00042311565,0.016576877,0.018083593,0.037245207,0.004791669,0.02276556,0.004883211,0.0,0.0,0.0,0.00017297042,1.0343748e-06,0.0025277566,0.0,0.0004304943,0.0015914657,0.0044790437,0.0,0.0,0.0,0.00012913809,0.3159896,0.0,0.00058791565,0.00010248242,0.0,0.00013834784,0.00017580282,0.0031638413,0.0065569347,0.0,0.00070454506,0.00089909206,0.0007154843
floor_level_classes_mid floors,0.0,0.0,0.0,0.0,0.0,0.0,0.0,0.0,0.0,0.0021883466,0.0,0.0002495592,0.0002475775,0.0,0.0,0.0,0.00045260045,0.017043043,0.003692157,0.0,0.0004651627,0.0,0.0,7.81881e-05,0.0,0.0,0.0,0.0,0.0,0.0,0.0,0.0,0.0,0.0,0.0,0.0,0.0,0.0003408727,0.004368367,0.011838827
floor_level_classes_top floors,0.0,0.0,0.0,0.0,0.0,0.0,0.0,0.0,0.0,0.0,0.0,0.0,0.0,0.0,0.0,0.0,5.5057484e-05,0.0044721807,0.0,0.0,0.0,0.00017250277,0.0,0.0,0.0,0.0,0.0,0.007705362,0.0,0.0,0.0,0.0,0.0,0.0,0.0,0.0,0.0,0.0,0.0,0.0
flat_top_storey_N,0.0034356483,0.0,0.0,2.8147884e-05,0.0,0.010485968,0.014833178,0.009715436,0.0036689085,0.0005325753,0.044859238,0.00021709116,0.00489696,0.0,0.0,0.018213673,0.0,0.0,0.0016401935,0.0,0.0,0.0023347074,0.0006705886,0.0,0.0,0.0,0.0,0.0,0.0051767672,0.0020798782,0.002924145,0.016900718,0.00014548778,0.0002537418,0.0002864176,0.17600025,0.0,0.00057661405,0.0,0.0010711831
flat_top_storey_Y,0.0009547003,0.0,0.0,0.015724655,0.0,0.038165063,0.0018906693,0.0019446632,0.00034065888,0.0041733445,0.008108559,0.022836968,0.19344737,0.0,0.0,0.0,0.0,0.0,0.0,0.0,0.0,0.0,0.0,0.0,0.0,0.0,0.0,0.0,0.00030311017,0.0006755215,0.00097573217,0.0034941875,0.00024610883,0.00028634592,0.00042261885,0.0077518374,0.0,0.00069283455,0.0,0.0005260431
glazed_type_double glazing installed before 2002,0.026568573,0.0040089306,0.0,0.008939012,0.0108321,0.34979272,0.001955318,0.0015415049,0.0023746367,0.03250908,0.00094721577,0.0066969194,0.0035362998,0.0003086421,0.0095467605,0.028067539,5.7447523e-05,5.714267e-05,0.004399087,0.0045336536,0.0004742412,0.0008557864,7.542877e-05,0.000345663,0.0037281613,0.021114556,0.0077255173,0.0,0.0017888919,3.8008515e-05,0.0016063744,0.0,0.0011326219,0.00018261198,0.0006992002,0.0029097644,0.00039768303,0.0008849675,0.0056496593,0.005835766
glazed_type_double glazing installed during or after 2002,0.010118408,0.0007390949,0.0073546376,5.5027587e-05,0.00046520913,0.028384967,0.0010081861,0.028800001,0.0012153178,0.0,0.03411993,0.008028329,0.0068985587,0.00012009042,0.008793919,0.014328436,6.777528e-05,0.0,0.009441077,0.032721113,0.0019169284,0.0023414977,0.0017494023,0.00042302784,0.0066469363,0.006235261,8.048763e-05,1.381814e-05,0.005021945,0.00017154648,0.0,0.0,0.0,0.00046871664,0.00090066995,0.003874463,0.00010823027,0.003725001,0.008278211,0.00014530972
"glazed_type_double glazing, unknown install date",0.06054786,0.008898478,0.00025422187,0.040350553,0.013898312,0.029976794,0.006423196,0.0041816933,0.0032781288,0.00062540814,0.05196401,0.04807663,0.009290732,0.0004743467,0.0040043606,0.017081836,0.0002354524,0.0,0.0,0.013822062,9.502018e-05,0.0017248075,0.002325018,0.0006714528,0.010144332,0.01311697,0.0017332402,0.0,0.0017823108,2.612899e-05,0.0017559753,0.0,0.0012345281,0.00039323096,0.0018976036,0.00030054845,8.82686e-05,0.0047868467,0.0024758896,0.0059610372
glazed_type_single glazing,0.0,0.0,0.0,0.0,0.0,0.0,0.0005428486,0.0,0.0,0.0,0.0011571968,0.0025928086,0.0,0.0,0.0008958951,0.0,0.0,0.0,0.000544907,0.0,0.0,0.0,0.0,0.0,0.0,0.0,9.751127e-05,0.0,0.0,7.656702e-05,0.0025307103,0.0,0.00052258477,0.0001185581,0.0,4.060234e-05,0.0,0.0003613633,0.00032940623,0.0011795608
glazed_type_triple glazing,8.724774e-05,0.0,0.0,0.0,0.0,0.0,0.0,0.0,0.0006872598,0.0,0.0011435369,0.0,0.0,0.0,0.00039543182,0.0,0.0,0.0,0.0,0.0004605289,0.0,0.0,0.0,0.0,0.0,0.0,0.0,0.0,0.0,0.0,0.0,0.0,0.0,0.00014831989,0.00054179016,0.0,0.0,7.479795e-05,0.0,0.0
glazed_area_Less Than Typical,0.0,0.0,0.0,0.0,6.473956e-05,0.0,0.0,0.0,0.0032812944,0.0,0.00055266666,0.0,0.00025908856,0.0,0.0017575045,0.0064977086,0.0,0.0,0.0,0.00095145707,0.0,0.0,1.9249399e-05,0.0,0.0,0.0,8.7089036e-05,0.0,0.0,6.497601e-05,0.0008140286,0.0,0.0003350838,0.00019347647,0.0,0.00019315712,0.00017012563,0.0,9.1467686e-05,0.0
glazed_area_More Than Typical,0.0035323035,0.0,0.0,0.00014147267,0.00038891908,0.0,0.0026644957,0.0,0.0022952456,0.0,0.0,0.0012330405,0.00017954783,0.0001915481,9.84007e-05,0.0054488447,0.0,0.0,0.0,0.005840535,0.0,0.0,0.0,0.0,0.0,0.0,1.1172381e-05,0.0,0.0010739401,1.4570109e-05,0.0,0.0066951015,0.0019509199,0.00017133333,0.0,0.0,0.00014966115,3.349162e-06,0.0006791204,0.0035169108
glazed_area_Much Less Than Typical,6.9658876e-05,0.0,7.343353e-05,0.0,0.00032713276,0.00019087891,0.0,0.00044010833,0.0011717859,0.0,0.011885013,0.00027844327,0.00038156,0.0,0.00221407,0.0,0.0,0.0,0.0,0.0020385154,0.0,0.0,0.0,0.0,0.0,0.0,2.1128046e-05,0.0,0.0,0.0,0.0010629644,0.0047908705,0.00015042922,9.990335e-05,0.00071720674,4.6961388e-05,0.00014862113,0.0015371344,0.0,0.0039524357
glazed_area_Much More Than Typical,0.0,0.0004934215,4.103136e-05,2.734603e-05,0.0,0.00014137149,0.0068625323,0.002089466,0.00031254746,0.0,0.0013818756,0.0,0.00023040315,0.0,0.00061907084,0.0,0.0,0.0,0.0007451215,0.0,0.0,0.0,0.0,0.00071229396,0.0010540361,0.0,0.0,0.0,0.0,0.0,0.00031512976,0.0018464583,0.0014762328,0.0,0.0,0.0,1.0561105e-05,0.00849371,0.0,0.0
glazed_area_Normal,0.0018046873,0.0,0.0,0.00011372129,0.00046435194,0.00012172525,0.004832261,0.0053323065,0.0029822702,0.0,0.0,0.0017854652,0.00023897384,0.00022847523,0.0013896985,0.011392521,0.0,0.0,0.0,0.0077715307,9.796177e-07,0.0013778763,0.0006354115,0.0005748868,0.0,0.0,6.1811596e-05,0.0,0.001665585,0.0,0.00074049423,0.0072063524,0.0011246417,0.0,0.00021181763,9.505489e-05,0.0001910563,0.0074878014,6.3802065e-05,0.010151777
hot_water_energy_eff_Average,0.0013474367,0.07055807,0.04781203,3.787197e-05,0.0005794827,0.0009558705,0.0018459394,0.013652316,0.0011601029,0.0,0.00198261,0.00065702846,0.00027410674,9.422357e-05,0.004595441,0.013922429,0.0,5.7287194e-05,0.10128821,0.0,0.00046391276,0.0085538495,0.096309304,0.10731224,0.0,0.021097377,0.03792588,0.0014460573,0.0,0.00071054394,0.0,0.0070550125,0.0,7.27629e-05,0.00038209435,0.004599688,0.011062891,0.020124674,0.0032658847,0.0043776208
hot_water_energy_eff_Good,0.008036202,0.00045850044,0.0007337608,0.00016372593,0.005401629,0.024230279,0.054125685,0.0,0.002820967,0.0,0.006685964,0.005575261,0.0030632636,0.0003977438,0.0046363706,0.037962258,0.0009811926,5.6436762e-05,0.0011042278,0.0,0.0,0.003902369,0.0011825176,0.0008668375,0.0,0.0,0.010892826,0.0005475249,0.0014319164,0.0047942023,0.007814746,0.02365183,0.0001487247,0.00010873413,0.00045409848,0.043869305,0.10572121,0.21125172,0.12080911,0.016312797
hot_water_energy_eff_Poor,0.0,0.034105375,0.0034679505,0.0,0.00046676767,0.0008381665,0.0012588223,0.007946088,0.0011186571,4.4128017e-05,0.002372361,0.0041286605,0.00028830505,8.3287654e-05,0.003009132,0.0,0.0023126588,0.0,0.006734973,0.007627426,0.00025789603,0.02914507,0.025983222,0.016298693,0.0063280794,0.019256687,0.026622605,0.0002634966,0.0012782442,0.00025681735,0.0004890345,0.013271412,0.00033352422,0.00010798541,0.00013233913,0.00023013524,0.33519158,0.0024533062,0.08910357,0.0066182264
hot_water_energy_eff_Very Good,0.0,0.0,0.0,0.009526591,0.0051477146,0.0036147945,0.0028342125,0.0,0.0,0.0,0.010103846,0.0001384858,0.0006290961,0.00017831617,0.0,0.0,0.003298912,3.4959055e-06,0.01024968,0.0,0.0,0.0,0.0,0.0,0.0,0.0,0.010965063,0.0006605794,0.0,5.7366717e-05,0.0034373384,0.012853758,0.00027443146,0.000101031874,0.0,0.0019297003,0.0002736504,0.08327651,0.047870982,0.0
hot_water_energy_eff_Very Poor,0.0,0.043500733,0.11388144,2.5521162e-05,0.0,0.00030898416,0.008486343,0.016596092,0.0026433754,2.240308e-05,0.0,0.0017870392,0.00019307855,0.0,0.032653324,0.00280546,0.007651095,0.0,0.024292352,0.005235032,7.111578e-06,0.0038150393,0.030241126,0.05921472,0.013645459,0.014869314,0.0029309457,6.0254144e-05,0.013045381,2.7414651e-05,0.0009966539,0.00995185,0.0,0.0,0.0024782054,0.00011154366,0.003796779,0.007167388,0.008285731,0.01764864
hot_water_env_eff_Average,0.03582144,0.00013986957,0.00032030282,0.0,0.0,0.0,0.025085118,0.002267461,0.0016897528,3.2406333e-05,0.00023973374,0.0,0.00019973333,2.5023644e-05,0.0760007,0.0,0.0,0.0,0.0057899086,0.0,0.0017357434,0.0013015688,0.0017207914,0.0,0.0,0.0,0.28683868,0.0022963716,0.0016268127,0.0005290889,0.0009772996,0.0049120444,4.0291816e-05,3.2930166e-05,0.00010046743,0.000118005075,0.016086165,0.035945084,0.0073885047,0.0037177096
hot_water_env_eff_Good,0.0,0.0,2.4096204e-05,0.0029695993,0.0085683465,0.0005355889,0.0672052,0.0059504523,0.0021262413,0.0,0.004729153,0.0,0.00010045766,5.0055725e-05,0.010008156,0.04333455,0.002955386,0.0,0.002264927,0.0,0.0134227285,0.0040031183,0.0,2.7294349e-05,0.0,0.0,0.0029247191,0.0014633402,0.004416278,0.00049919734,0.01068055,0.018407885,0.00022050868,6.481129e-05,0.0007588266,0.022423655,0.08770246,0.22342072,0.16131213,0.005635415
hot_water_env_eff_Poor,0.00035374737,0.12813272,0.036774665,0.0011276945,0.0,0.0007507933,0.019243352,0.008560635,0.0035002222,0.0,0.0009980813,0.0,0.0012830016,0.0,0.02353504,0.0,0.0,0.0,0.051802285,0.03789022,0.00018810845,0.022475531,0.021705233,0.044432577,0.015692063,0.04167743,0.014858592,5.9254762e-05,0.0020462126,0.0005982725,0.0043392833,0.012631397,0.00030315225,9.119392e-05,0.00071340695,7.53421e-05,0.0021318507,0.024282187,0.0028005736,0.02068028
hot_water_env_eff_Very Good,3.8660677e-05,0.0,3.1666867e-05,0.018734835,0.025560299,0.021650935,0.022619195,0.0,0.0,0.0,0.0045584133,0.008179318,0.0052324147,0.0,0.0,0.0,0.0028838683,5.9832024e-07,0.0,0.0,0.0,0.0,0.0,0.0,0.0,0.0,0.0077709127,0.00062984746,0.0,0.0,0.006970899,0.01204456,0.00044510842,0.00015575795,0.0,0.00048312277,0.012758241,0.088883065,0.052724037,0.0
hot_water_env_eff_Very Poor,0.0,0.0166264,0.008381802,0.0,0.00061102555,0.00034270764,0.0017981528,0.026166301,0.0086108,0.0004696963,0.0010981092,0.0,0.0012790314,1.8394281e-05,0.03527655,0.004084123,0.0,2.203572e-06,0.06421418,0.0,0.0015975182,0.002446007,0.0952188,0.19281082,0.05161033,0.008569692,0.00029977114,0.0,0.0,0.0002659734,0.0033539904,0.007078116,0.00033881978,6.127902e-05,0.0010199188,0.00012349233,0.018669898,0.00935145,0.009704659,0.12605816
windows_description_full double glazing,0.0,0.0002667543,0.0,0.0072512142,0.00061629945,0.0063193673,0.015860062,0.0027516482,0.00084729574,0.01829913,0.0067169317,0.0,0.0007428935,0.00041235462,0.0063151484,0.0,0.00073003524,0.0002778394,0.0048812325,0.0,0.0,0.0,0.0049006906,0.018048977,0.0,0.030914733,0.0,0.00018795497,0.0015671828,0.0,0.07541246,0.0,0.034899607,0.0007235355,0.00083542836,0.000113336915,0.00048205815,0.00048130754,0.05635714,0.006793827
windows_description_full secondary glazing,0.0,0.0,0.0,0.0,0.0,0.0,0.0008553369,0.0,0.0015122307,0.0,0.0009108386,0.0,0.0,0.0,0.0015983534,0.0,0.0,1.222684e-05,0.0051685036,0.017193666,0.0,0.0,0.0,0.0,0.0,0.015182492,0.0,0.0,0.0,0.0,0.0003472083,0.0,0.0,8.050694e-05,0.0,2.2111015e-05,0.0,0.0,0.00018634317,0.0
windows_description_full triple glazing,4.1795323e-05,0.0,0.0,4.249908e-06,0.0,0.0,0.0,0.0,0.0,0.0,0.0,0.0,0.0005553852,0.0,0.0,0.0,0.0,0.0,0.0,0.0005215839,0.0,0.0,0.0,0.0,0.0,0.0,0.0,0.0,0.0,0.0,0.0,0.0,0.0,0.0,0.00055415754,0.0,0.0,0.0,0.0,0.0
windows_description_high performance glazing,0.0,0.0,0.0,0.0,0.001187192,0.0,0.0,0.0,0.0,0.0,0.0,0.0,0.00036130476,0.0,0.0010444118,0.0,0.09750076,1.3472335e-06,0.0,0.0,0.0,0.0,0.0,0.0,0.0,0.0,0.0,9.520708e-07,0.0,0.0,0.0,0.0,0.0,0.0,0.0011771048,0.0,0.0,0.0,0.0,0.0
windows_description_mostly double glazing,0.0,0.0,0.00010211874,4.8216647e-05,0.0,0.0034333398,0.0016739905,0.0,9.7719625e-05,0.0,0.0011774409,0.002400201,0.0,0.0,0.0,0.0,0.0,0.0,0.0,0.027840124,0.0,0.001921518,0.0,0.0014450084,0.0010194009,0.019999642,0.000113524824,0.0,0.0,0.0,0.00085818174,0.0,0.0,6.518785e-05,0.0,8.44676e-05,0.00018039899,7.6228316e-05,0.0020412535,0.0005051184
windows_description_other,0.0,0.0,7.240152e-05,0.0,0.0,0.0,0.00045337854,0.00014463978,9.6845695e-05,0.0,0.001958371,0.0,0.0,0.0,0.0009685735,0.0,0.0,0.0,0.0,0.013852446,0.0,0.0,2.0935902e-05,9.521135e-05,0.0,0.0,4.8042355e-05,0.0,0.0,0.0,0.0,0.00050898496,0.0010814056,0.0,0.0,0.0,0.0,0.0,0.0,0.0014691718
windows_description_partial double glazing,0.0,0.0,8.0740014e-05,9.474977e-06,0.0002053133,0.03304311,0.0039384756,0.0,9.272598e-05,0.0,0.0039498773,0.00031951247,0.0002545513,2.7480444e-05,0.0046838485,0.003336927,0.0,0.0,0.0,0.0,4.4538433e-06,0.0,0.0,0.00011150808,0.0013652886,0.0064859167,0.0,2.8854869e-05,0.0021612132,0.0,0.0077369222,0.003505213,0.04033998,0.00019707522,0.00030139153,0.0001384566,9.343455e-05,3.060689e-05,0.0012124849,0.00029295398
windows_description_partial secondary glazing,0.0,0.0,0.0,0.0,0.0,0.0,0.0,0.0,3.472428e-05,0.0,0.00013896187,0.0,0.0,0.0,0.0010460969,0.0,9.308768e-07,0.0,0.009073329,0.0,0.0,0.0,0.0,8.8761626e-05,0.0,0.0,0.0,0.0,0.0,0.0,0.0015053058,0.009527476,0.001603025,8.639745e-05,0.0,0.00012683145,0.0,0.0,5.0672665e-05,0.0014287044
windows_description_single glazing,0.0,0.0006872736,2.2924871e-06,0.0,0.00026071508,0.0,0.0,0.0,0.0035015263,7.874201e-05,0.0033900787,0.0,0.0,0.0,0.0,0.0,0.0006884495,0.0,0.001489494,0.016452216,8.79812e-05,0.0,0.012532336,0.025401007,0.0,0.00958531,0.0,0.0,0.0012073803,0.0,0.5354244,0.03405021,0.40733987,0.0,0.0007700395,0.00012586953,0.0,0.0,0.0,0.0
windows_description_some double glazing,0.0,0.0,3.320937e-05,0.0,0.0,0.0,0.0,0.0002164256,0.0,0.0,0.0,6.40504e-05,5.418886e-05,0.0,0.0011005811,0.0,0.0,0.0,0.0,0.0073567424,0.0,0.0,0.0,0.00042543525,0.0,0.0,0.0,0.0,0.0,0.0,0.0063154995,0.0154836755,0.009972699,0.0,0.0,7.417841e-06,2.7011673e-05,0.00010378041,0.00029408908,5.2605854e-05
"mainheat_description_Air source heat pump, electric",0.0,0.0,0.0,0.0,0.0,0.0,0.0,0.0,0.0,0.0,0.0,0.0,0.0,0.0,0.0,0.0,0.00040114974,0.0,0.0,0.0,0.0,0.0,0.0,0.0,0.0,0.0,0.0,0.0,0.0,0.0,0.0,0.0,0.0,0.0,0.0,0.0,0.0,0.0,0.0,0.0
"mainheat_description_Air source heat pump, radiators, electric",0.006126353,0.0,0.0,3.5146065e-06,0.00052604754,0.0011328049,0.0,0.008015246,0.0,0.0,0.0005716686,0.0025009534,0.0,0.0,0.0,0.0,0.001605278,0.0028846334,0.0,0.0,0.0,0.0,0.0,0.0,0.0,0.0,0.0033433768,0.0,0.16406798,0.0031915759,0.0,0.0,0.0,8.326012e-05,0.00012619056,0.007723715,1.4810222e-05,1.2269526e-05,9.53604e-05,0.0
"mainheat_description_Air source heat pump, underfloor, electric",0.0,0.0,0.0,0.00016197,0.0,0.0,0.0,0.0,0.0,0.0,0.0,0.0,0.0,0.0,0.0,0.0,0.0,0.0,0.0,0.0,0.0,0.0,0.0,0.0,0.0,0.0,0.0,0.0,0.009962797,0.0,0.0,0.0,0.0,7.7872806e-05,0.0,0.0,0.0,0.0,0.0,0.0
"mainheat_description_Boiler & underfloor, mains gas",0.0,0.0,0.0,0.0,0.0,0.0,0.0,0.0,0.0,0.0,0.0,0.0,0.0,0.0,0.0,0.0,0.0,0.0,0.0,0.0,0.0,0.0,0.0,0.0,0.0,0.0,0.0,0.0,0.0,0.0,0.0,0.0,0.0,0.0,0.0,0.0,0.0,0.0,0.0,0.0
"mainheat_description_Boiler and radiators, LPG",0.00017059894,0.0,0.0,0.0,0.0,0.0,0.0470488,0.010397724,0.013282799,0.0,0.00021951982,0.00068696676,0.00010936466,0.0,0.0005995151,0.0,3.818049e-06,0.0,0.0,0.00018142049,0.0,0.0,0.0,0.0,0.0,0.0,0.0008297743,0.0,0.0,0.001121183,0.00027261727,0.0,0.0,0.0,0.00011280098,0.0,0.00014848108,0.00014144975,0.00022396827,0.0010558348
"mainheat_description_Boiler and radiators, anthracite",0.0,0.0,0.0,0.0,0.0,0.0,0.0,0.0,0.0,0.0,0.0010915588,0.0,0.0,0.0,0.0,0.0,0.0,0.0,0.0,0.0,0.0,0.0,0.0,0.0,0.0004927242,0.09698294,0.0,0.0,0.0,0.0,0.0,0.0,0.0,0.0,0.0,0.0,3.8970276e-05,0.0,0.0,0.0016970809
"mainheat_description_Boiler and radiators, bottled LPG",0.0005370699,0.0,0.0,0.0,0.0,0.0,0.013649083,0.0047948747,0.005358146,0.0,0.0,0.00012299944,0.0,0.0,0.0,0.0,0.0,0.0,0.0,0.0,0.0,0.0,0.0,0.0,0.0,0.0,0.00015949165,0.0,0.0,0.0,0.0,0.0,0.0,0.0,0.0,0.0,0.0,0.0,0.0,0.0
"mainheat_description_Boiler and radiators, coal",0.0,0.0,0.0,0.0,0.0,0.0,0.0,0.0,0.0,0.0,0.0,0.0,0.0,0.0,0.0,0.0,0.0,0.0,0.0,0.0,0.0034490565,0.0,0.0,0.0,0.009180136,0.008796981,0.0,0.0,0.0,0.0005260833,0.0006005117,0.0,0.0,0.0,0.0,0.0,0.0017401238,0.00045362537,0.00045698253,0.00316055
"mainheat_description_Boiler and radiators, dual fuel (mineral and wood)",0.0,0.0,0.0,0.0,0.0,0.0,0.0,0.00034592615,0.0024479514,0.0,0.0,0.0,0.0,0.0,0.0,0.0,0.0,0.0,0.0,0.002110903,0.0012910998,0.0,0.0,0.0,0.0,0.0,0.0005943156,0.0,0.0,0.00077987055,0.0,0.0,0.0,0.0,0.0,0.0,0.0009796914,0.0016970133,0.0,0.005186703
"mainheat_description_Boiler and radiators, electric",0.0,0.0048783175,0.0,1.9198389e-05,0.0,0.00014645848,0.0,0.030262684,0.016734997,1.6029815e-05,0.0003739345,0.00030366273,0.0,0.0,0.0,0.0,3.530582e-05,0.0,0.0,0.0,0.0024594245,0.0,0.0,0.007133381,0.0,0.0,0.00597889,0.0,0.0,0.00020644933,0.0,0.0026393575,0.0,0.00013821403,0.00030875724,2.3559263e-05,0.0,0.0,0.0010704205,0.0
"mainheat_description_Boiler and radiators, mains gas",0.007135741,0.0,0.0,0.0005947771,0.0007843011,2.2963506e-05,0.0015856859,0.0086748395,0.14903116,0.0,0.018673072,0.01423866,0.016176019,0.0,0.0031238263,0.011312548,0.0097953845,0.0,0.0,0.0,0.00059730856,0.011846482,0.0,0.0,0.0,0.0,0.040349953,0.0005954519,0.0055429037,0.016047584,0.001596676,0.017237118,0.0015231927,0.00022768698,0.00063573546,0.0016528539,0.03436425,0.033151623,0.01702986,0.061189946
"mainheat_description_Boiler and radiators, oil",0.0039920034,0.0,0.0,4.7625954e-06,0.0,0.0,0.0,0.0029749803,0.019693347,1.8230397e-05,0.0031122903,1.7252512e-05,0.069015324,0.0,0.17655364,0.0,7.9682155e-05,0.0,0.0,0.0010925093,0.0035495225,0.0,0.0,0.0,0.0,0.0,0.022547785,0.0,0.0058432627,0.0067606647,0.0002013028,0.0047081984,0.0,0.0005491772,0.00031635255,5.9124977e-05,0.014681838,0.0,0.0041679903,0.011377637
"mainheat_description_Boiler and radiators, smokeless fuel",0.0,0.0,0.0,0.0,0.0,0.0,0.0,0.0,0.0,0.0,0.0004282779,0.0,0.0,0.0,0.0,0.0,0.0,0.0,0.0,0.0,0.0,0.0,0.0,0.0,0.012424714,0.039070074,0.0,0.0,0.0,0.0,0.0,0.0,0.0,0.0,0.0,0.0,0.0,0.0,0.0,0.0
"mainheat_description_Boiler and radiators, wood logs",0.0,0.0,0.0,0.0,0.0,0.0,0.0,0.00017664494,0.0,0.0,0.00056408445,0.00018024803,0.0,0.0,0.0,0.0,0.0,0.0,0.0,0.0,0.0,0.0,0.0,0.0,0.0,0.0,0.0,0.0,0.0,0.0,3.5466757e-05,0.0,0.0,0.0,0.0,0.0,0.00035416137,0.0008317461,0.0013268442,0.0033638468
"mainheat_description_Boiler and radiators, wood pellets",0.0,0.0,0.0,0.0,0.00014221565,0.0,0.0,0.0,0.0,0.0,0.0,0.0,0.0,0.0,0.0,0.0,0.0,0.0,0.0,0.0,0.0,0.0,0.0,0.0,0.0,0.0,0.0,0.0,0.0,0.0,0.0004901397,0.0,0.0,0.0,0.0,5.091916e-05,0.0002656774,4.3097203e-05,0.0,0.0006807953
"mainheat_description_Boiler and radiators, |Bwyler a rheiddiaduron, |mains gas|nwy prif gyflenwad",0.0,0.0,0.0,0.0,0.0,0.0,0.0,0.0,0.0,0.0,0.0,0.0,9.147646e-05,0.0,0.0,0.0,0.0029352873,0.0,0.0,0.0,0.0,0.0,0.0,0.0,0.0,0.0,0.0,0.0,0.0,0.0,0.0,0.0,0.0,0.0,0.0,0.0,0.0,0.0,0.0,0.0
"mainheat_description_Boiler and underfloor heating, LPG",0.0,0.0,0.0,0.0,0.0,0.0,0.00016524136,0.0,0.0,0.0,0.0,0.0,0.0004307654,0.0,0.0,0.0,0.0,0.0,0.0,0.0,0.0,0.0,0.0,0.0,0.0,0.0,0.0,0.0,0.0011005839,0.00044600607,0.0,0.0,0.0,0.0,0.0,0.0,0.0,0.0,0.0,0.0
"mainheat_description_Boiler and underfloor heating, electric",0.0,0.0,0.0,1.1452828e-05,0.0,0.0,0.0,0.0,0.00012580672,0.0,0.0,0.0,4.8393416e-05,0.0,0.0,0.0,0.0,0.0,0.0,0.0,0.0,0.0,0.0,0.0,0.0,0.0,0.0,0.0,0.0017695461,0.0,0.0,0.0,0.0,0.0,0.0,0.0,0.0,0.0,0.0,0.0
"mainheat_description_Boiler and underfloor heating, mains gas",0.0,0.0,0.0,0.0,0.0,0.0,0.0,0.0,0.0,0.0,0.0,0.0,0.0,0.0,0.0,0.0,1.5793998e-05,4.9659143e-06,0.0,0.0,0.0,0.0,0.0,0.0,0.0,0.0,0.00039360923,0.0,0.018372111,0.00014136187,0.0,0.0,0.0,0.00010823536,0.0,0.0,0.0007370879,0.0,4.3421347e-05,0.0
"mainheat_description_Boiler and underfloor heating, oil",0.0,0.0,0.0,0.0,0.0,0.0,0.0,0.0,0.0,0.0,0.0,0.0005340262,0.0001457874,0.0,0.006571701,0.0,0.0,0.0,0.0,0.0,0.0,0.0,0.0,0.0,0.0,0.0,0.0,0.0,0.0057930104,0.00035403811,0.0,0.0005842838,0.0,0.00012725675,0.0,0.0,0.0,0.0,0.0,0.0
mainheat_description_Community scheme,0.0,0.0,0.0,0.0,0.0017174296,0.0,0.0,0.007443564,0.0,0.0,0.0,0.0,0.0,0.0,0.0,0.0,0.0020860815,0.0,0.0,0.0,0.08372429,0.0,0.0,0.0,0.0,0.0,0.0,0.0,0.0,0.0,0.0,0.020764383,0.00026090606,0.0,0.0007934795,0.0020048895,0.0,0.000919624,0.0032095953,0.004161136
"mainheat_description_Community scheme, mains gas",0.0,0.0,0.0,0.0,0.0,0.0,0.0,0.0,0.0,0.0,0.0,0.0,0.0,0.0,0.0,0.0,0.0,0.0,0.0,0.0,0.0,0.0,0.0,0.0,0.0,0.0,0.0,0.0,0.0,0.0,0.0,0.048435546,0.00065335556,9.4530784e-05,0.0,0.0,3.4114964e-05,0.00045467663,0.0,0.0
mainheat_description_Electric storage heaters,0.000598765,0.005177625,0.00092495134,3.311387e-05,0.0,0.0001812635,0.0,0.0,0.006045584,0.0,0.0,0.0023216791,0.00013761672,0.0,0.0,0.0,0.0031533516,4.615392e-06,0.0,0.0,0.07440317,0.0,0.2187201,0.009350721,0.0,0.0,0.0,0.0,0.0,0.0,0.0,0.0,0.0,8.6644e-05,0.00022536214,3.4429962e-05,0.0002562864,0.01770319,0.0013634774,0.005401804
mainheat_description_Electric underfloor heating,0.005653079,0.0,0.0,0.0,0.0,0.0,0.0,0.0011461924,0.002504264,0.0,0.0,0.0,0.0,0.0,0.0,0.0,0.0,0.0,0.0,0.0,0.00039690748,0.0,0.0,0.0031508442,0.0,0.0,0.0,0.0,0.0,0.0,0.0,0.0,0.0,0.0,0.0,0.0,0.0,0.00034606262,0.0,0.0010337887
"mainheat_description_Ground source heat pump, radiators, electric",0.0,0.0,0.0,0.0,0.0,0.0,0.0,0.0,0.0,0.0,0.0,0.0,0.0,0.0,0.0,0.0,0.0,0.0,0.0,0.0,0.0,0.0,0.0,0.0,0.0,0.0,0.0,0.0,0.044216365,0.0,0.0,0.0,0.0,0.0,0.0,0.0,2.695178e-05,0.0,0.0,0.0
"mainheat_description_Ground source heat pump, underfloor, electric",0.0,0.0,0.0,0.0,0.0,0.00014544137,0.0,0.00013672293,0.0,0.0,0.0,0.0,0.0,0.0,0.0,0.0,0.0,0.0,0.0,0.0,0.0,0.0,0.0,0.0,0.0,0.0,0.0,0.0,0.0021668435,0.0,0.0,0.0,0.0,0.00014085312,0.0,0.0,0.0,0.0,0.0,0.0
mainheat_description_No system present: electric heaters assumed,0.0,0.0028086393,0.008370542,0.0,0.0,9.658558e-05,0.0,0.0011206756,0.0008179754,0.0,0.0011854467,0.0,0.0,0.0,0.0,0.0,0.0035288485,0.0,0.014156183,0.0,0.055089302,0.0,0.0,0.012203767,0.0,0.0,0.0,0.0,0.0,0.0,0.0,0.005342032,0.0,0.0,0.0,0.0005122713,0.0,0.0,0.0,0.0
mainheat_description_Portable electric heaters assumed for most rooms,0.00040210586,0.0,0.0,0.0,0.0,0.0,0.0,0.0,0.00012441659,0.0,0.0,0.0,6.540433e-06,0.05787118,0.0,0.0,0.0,0.0,0.00076067675,0.0,1.2074357e-06,0.0,0.0,6.438307e-05,0.002299245,0.0,0.0,0.0,0.0,0.0,0.0,0.0,0.0,0.0,0.0,6.9811e-05,0.0,0.0,0.0,0.0029928775
"mainheat_description_Room heaters, coal",0.0,0.0,0.0,0.0,0.0,0.0,0.0,0.0,0.0,0.0,0.00075459725,0.00022261764,0.0,0.0,0.0,0.0,0.0,0.0,0.0,0.0,0.0022969372,0.0,0.0,0.0,0.053244513,0.0,0.0,0.0,0.0,0.0,0.0,0.0,0.0,6.8240035e-05,0.0,0.0,0.0,0.0,0.0,0.00061448367
"mainheat_description_Room heaters, dual fuel (mineral and wood)",6.931058e-05,0.0,0.0,0.0,0.0,0.00014943781,0.0,0.00033979668,0.00921913,0.0,0.000112568516,0.0,0.0,0.0,0.0,0.0,0.0,0.0,0.0,0.0,0.0011386632,0.0,0.0,0.0,0.0,0.0,0.0,0.0,0.0,0.0,0.0,0.0,0.0,0.0,0.0,0.0,0.0,0.0,0.0,0.0016028101
"mainheat_description_Room heaters, electric",0.0,0.03755257,0.02544305,8.075194e-05,0.0,0.00017942378,0.0,0.008924025,0.014668179,4.1438834e-05,0.00036164254,0.0,0.00038943664,0.002052043,0.0,0.0,0.0046540066,0.0,0.14667293,0.0,0.018992437,0.0,0.0,0.0025091572,0.0,0.0,0.0,0.0,0.0,0.0,0.0007140888,0.0062433104,9.268373e-05,0.00012967165,0.0015693484,7.5323675e-05,0.0011020071,0.0,0.0054324595,0.00014600948
"mainheat_description_Room heaters, mains gas",0.0,0.0,0.0,2.1384458e-06,0.0,0.0012207851,0.0067484756,0.0044654235,0.0,0.0,0.0,0.0,0.0,0.7258007,0.0,0.0,0.0,0.0,0.0,0.0,0.0,0.0,0.0,0.0,0.0,0.0,0.0075529087,0.0,0.0,0.0,0.0003945336,0.0,0.0,3.1205393e-05,0.0,2.6434902e-05,0.0,0.000111534064,0.0024143865,0.0
"mainheat_description_Room heaters, wood logs",0.0,0.0,0.0,0.0,0.0,0.0,0.0,6.7787e-05,0.0083145965,0.0,0.00017645438,0.0,0.0,0.0,0.0,0.0,0.0,0.0,0.0,0.0,0.0016370048,0.0,0.0,0.0,0.0,0.0,0.0,0.0,0.0,0.0,0.0,0.005384138,0.00013727113,0.0,0.0,0.00013064324,7.6245386e-05,9.816456e-05,0.0,0.000785432
"mainheat_description_Warm air, mains gas",0.0,0.0,0.0,0.0,0.0,0.0,0.0,0.0032229407,0.0,0.0,0.0,0.0,0.0,0.0068930187,0.0,0.0,0.0,0.0,0.0,0.0,0.0,0.82570535,0.0,0.0,0.0,0.0,0.009288778,0.0,0.0043495377,0.0044250814,0.0,0.0,0.0,0.0,0.0,0.0,0.00252457,0.0,0.0,3.8069535e-05
mainheat_description_other,0.0051894556,1.3148406e-06,0.00019992367,0.0,1.0870808e-05,0.0,0.022633553,0.000852382,0.0,0.0,0.0030517348,0.00028535727,0.0005233074,0.00010244675,0.00026327823,0.0,0.0,0.00021742498,4.966512e-05,0.004767422,0.002492201,1.5873997e-05,0.0,0.0,0.003977319,0.0,9.0747635e-05,0.0,0.0,6.207779e-05,0.00046716369,0.008918647,0.0,0.0,0.0,0.0,0.0,0.0,0.0006648602,0.004559303
mainheatcont_description_Appliance thermostats,4.7368034e-05,0.0015047534,4.4511242e-05,7.275997e-05,0.0,0.0,0.0,0.0,0.000763268,8.6397755e-05,0.002314124,0.0,0.0,0.0020988802,0.0,0.0,0.00011764683,0.0,0.05036696,0.0,0.0,0.0,0.0,0.0,0.0,0.0,0.0,0.0,0.0,0.0,0.00017217585,0.0,5.840986e-05,0.0004100455,0.001440763,0.00037722036,0.0,0.0,0.0,0.0013252214
mainheatcont_description_Automatic charge control,0.0,0.01459602,0.0015071837,0.0,0.0,0.0003824238,0.0,0.0,0.0,0.0,0.0,0.0022202693,0.0,0.0,0.0,0.0,0.0,0.0,0.0,0.0,0.0,0.0,0.029676177,0.00064147764,0.0,0.0,0.0,0.0,0.0,0.0,0.0,0.0,0.0,0.0,0.00047590688,0.00017719541,0.0,0.0,0.007022743,0.002493176
"mainheatcont_description_Charging system linked to use of community heating, programmer and TRVs",0.0,0.0,0.0,0.0,0.0,0.0,0.0,0.0050757546,0.0,0.0,0.0,0.0,0.0,0.0,0.0,0.0,0.0,0.0,0.0,0.0,0.0,0.0,0.0,0.0,0.0,0.0,0.0,0.0,0.0,0.0,0.0,0.028563358,0.0,0.0,0.0,0.0,0.0,0.0,0.0,0.0
mainheatcont_description_Controls for high heat retention storage heaters,0.0,0.026209777,0.02899302,0.0,6.8192494e-05,0.038138404,0.0,0.003518366,0.0010029543,0.0,0.0017178127,0.00028928957,0.0,0.0,0.0,0.0,0.0,0.0,0.0,0.0,0.0010601822,0.0,0.00011786622,0.0,0.0,0.0,0.0,0.0,0.0,0.0,0.0,0.0,0.0,0.00011592593,0.0,0.0,0.0,0.0,0.0,0.0
"mainheatcont_description_Flat rate charging, TRVs",0.0,0.0,0.0,0.0,0.0008350718,0.00030356634,0.0,0.003110055,0.0,0.0,0.0,0.0002859595,0.0,0.0,0.0,0.0,0.0,0.0,0.0,0.0,0.0,0.0,0.0,0.0,0.0,0.0,0.0,0.0,0.0,0.0,0.0,0.006413273,0.00014308472,0.0,0.0010160742,0.0,0.0,3.620949e-05,0.00027516845,0.003435482
"mainheatcont_description_Flat rate charging, no stat control of room temperature",0.0,0.0,0.0,0.0,0.0,0.0,0.0,0.0,0.0,0.0,0.0,0.0,0.0,0.0,0.0,0.0,0.0,0.0,0.0,0.0,0.0,0.0,0.0,0.0,0.0,0.0,0.0,0.0,0.0,0.0,0.0,0.0,0.0,0.0,0.0,0.0,0.0,0.0,0.00054527016,0.0
"mainheatcont_description_Flat rate charging, no thermostatic control of room temperature",0.0,0.0,0.0,0.0,0.0,0.00020030058,0.0,0.0,0.0,0.0,0.0,0.0,0.0,0.0,0.0,0.0,0.0,0.0,0.0,0.0,0.0,0.0,0.0,0.0,0.0,0.0,0.0,0.0,0.0,0.0,0.0,0.017291054,0.0,0.0,0.0,0.0,7.456659e-06,2.2885939e-05,0.0048756883,0.008542328
"mainheatcont_description_Flat rate charging, programmer and TRVs",0.0,0.0,0.0,0.0,0.0,0.0,0.0,0.006300973,0.0,0.0005801975,0.0069413814,0.00074472313,0.0,0.0,0.0,0.0,0.0,0.0,0.0,0.0,0.0,0.0,0.0,0.0,0.0,0.0,0.0,0.0,0.0,0.0,0.0,0.013289112,0.0,0.0,0.00035239852,0.0,0.0,0.0011797732,0.01003935,5.7104302e-05
"mainheatcont_description_Flat rate charging, programmer and room thermostat",0.0,0.0,0.0,0.0,0.0,0.0,0.0,0.012141756,0.0,0.0,0.0,0.0,0.0,0.0,0.0,0.0,0.0,1.2165044e-07,0.0,0.0,0.0,0.0,0.0,0.0,0.0,0.0,0.0,0.0,0.0,0.0,0.0,0.0,0.0,0.0,0.0012073754,0.0,0.0,0.00030167488,0.0,0.0
"mainheatcont_description_Flat rate charging, programmer, no room thermostat",0.0,0.0,0.0,0.0,0.0,0.0,0.0,0.0,0.0,0.0,0.0,0.008460233,0.0,0.0,0.0,0.0,0.0,0.0,0.0,0.0,0.0,0.0,0.0,0.0,0.0,0.0,0.0,0.0,0.0,0.0,0.0,0.0,0.0,0.0,0.0,0.0,0.0,0.0026279888,0.0055327984,0.0
"mainheatcont_description_Flat rate charging, room thermostat only",0.0,0.0,0.0,0.0,0.0,0.0006001157,0.0,0.0008635956,0.0,0.0,0.0,0.0,0.0,0.0,0.0,0.0,0.0,0.0,0.0,0.0,0.0,0.0,0.0,0.0,0.0,0.0,0.0,0.0,0.0,0.0,3.9970473e-05,0.0,0.0,0.0,0.0,0.0,0.0,0.0005425468,0.00048087267,0.0019634734
mainheatcont_description_Manual charge control,0.009671897,0.049658537,0.025806285,0.0,0.0007894577,0.0,0.0,0.0069311797,0.0,0.00043313444,0.0,0.0,0.0,0.0,0.0,0.0,0.00017493803,0.0,0.0,0.0,0.0015179019,0.0,0.12350959,0.001397531,0.0,0.0,2.1973776e-06,0.0,0.0,0.0,0.0,0.001412099,9.1199385e-05,4.8489637e-05,0.0007217203,0.00010776399,0.00026199923,0.016701503,0.00013328656,0.002728565
mainheatcont_description_No thermostatic control of room temperature,0.0006480017,0.0,0.0,9.8330775e-06,0.0,0.0011227147,0.015280021,0.008677213,0.012802533,0.0,0.0005873406,0.0020723983,0.0,0.048672367,0.0,0.0,0.0003512219,0.0,0.00050621846,0.030683063,0.00041036404,0.0,0.0,5.2374585e-06,0.05439874,0.035271246,0.00039988535,0.0,0.0,2.2498363e-05,0.0007731564,0.004197406,0.0004206269,8.256484e-05,5.6379786e-06,0.00011084888,0.00037946773,0.00011599962,0.0005996665,0.0019434355
mainheatcont_description_No time or thermostatic control of room temperature,0.0,0.0,0.0,4.641001e-05,7.4472075e-05,0.00019084914,0.0,0.0,0.0009819871,0.0,0.0010209063,0.0,0.00026859448,0.0,0.08285237,0.0,0.0,0.0,0.0,0.015369717,1.942149e-06,0.0,0.0,0.0,0.014494177,0.0126355905,0.0009407342,0.0,0.0,0.0074858204,0.0014126757,0.0,0.0,0.0,0.00015685448,0.00012922556,0.0051074014,0.00017767615,0.0010911096,0.0051060636
mainheatcont_description_None,0.0,5.3645494e-05,0.0,0.0,0.0,0.0,0.0,0.001422019,0.00078588654,0.0,0.0,0.0,0.0,0.0,0.0,0.0,0.0049327505,0.0,0.013675859,0.0,0.01031358,0.0,0.0,0.0034149822,0.0,0.0,0.0,0.0,0.0,0.0,0.0,0.0,0.0,0.0,0.0,0.0,0.0,0.0,0.0,0.00059781066
mainheatcont_description_Programmer and appliance thermostats,0.000557271,0.026614321,0.029429026,0.0,0.0,0.00023322238,0.0,0.015563241,0.0,0.0,0.0005475181,0.0,0.0,0.0,0.0,0.0,0.0,0.0,0.010113544,0.0,0.0,0.0,0.0,2.8754539e-05,0.0,0.0,0.0,0.0,0.0,0.0,0.0,0.0,0.0,9.823261e-05,0.0,5.1209256e-05,0.00081792695,0.0,0.0007691166,0.0021079972
mainheatcont_description_Programmer and at least two room thermostats,0.0,0.0,0.0,2.761808e-06,0.0,0.0,0.0,0.004089287,0.0,0.0,0.0,0.0,0.0,0.0,0.0,0.0011808015,0.0,0.0,0.0,0.0,0.0011766689,0.0,0.0,0.0,0.0,0.0,0.0,0.0,0.31479576,0.00847779,0.0001681933,0.0029179307,5.1418403e-05,0.00016912486,0.0,2.977544e-05,5.2496704e-05,0.00013123057,0.0,0.0
mainheatcont_description_Programmer and room thermostat,0.0,0.0,0.0,7.843743e-05,0.0054046,1.25669185e-05,0.0,1.7341694e-05,0.0006343998,0.0,0.00073229684,0.0021142017,0.0,0.0001714503,0.0094148,0.009348312,8.4669504e-05,0.00012468956,0.0,0.021763891,0.00028955477,0.00043454426,0.0,0.00713288,0.0,0.01621977,0.11549603,8.405885e-08,0.028108561,0.050693396,0.001567921,0.004155243,0.0,5.5687713e-05,0.00018135874,0.00090786617,0.005336195,0.0053083026,0.0047664703,0.0028653936
mainheatcont_description_Programmer and room thermostats,0.0,0.0,0.0,0.0,0.0,0.0,0.0,0.0,0.0,0.0,0.0,0.0001780516,7.905136e-05,0.0,0.0,0.0,0.0,0.0,0.0,0.0,0.0,0.0,0.0,0.0,0.0,0.0,0.0,0.0,0.0,0.0,0.0,0.0,0.0,0.0,0.0,0.0,0.0,0.0,0.0,0.0024002953
"mainheatcont_description_Programmer, TRVs and boiler energy manager",0.0,0.0,0.0,0.0,0.0,0.0,0.0,0.0,0.0,0.0,0.0,0.0,0.0,0.0,0.0,0.0,0.0,0.0,0.0,0.0,0.0,0.0,0.0,0.0,0.0,0.0,0.0,0.0,0.0,0.00052854035,0.0,0.0,0.0,0.0,0.0,0.0,6.4684273e-06,0.0,0.0,0.0
"mainheatcont_description_Programmer, TRVs and bypass",1.6805203e-05,0.0,0.0,1.4316878e-05,0.0005610635,0.0,0.13426465,0.0021734466,0.0010375348,0.0,0.0012661217,0.0,0.0002326881,0.0,0.0040928302,0.005926955,0.0,0.0,0.0,0.004355509,0.0,0.0,0.0,0.0,0.0,0.0041169506,0.07607426,0.0008360784,0.02136904,0.06769583,8.0473124e-05,0.0055047716,8.267972e-05,8.2079154e-05,0.0008075093,2.9013752e-05,0.002504648,0.0,0.0,0.00076334167
"mainheatcont_description_Programmer, no room thermostat",0.05522697,0.0,0.0,0.0,0.00025680536,0.00030468046,0.0681526,0.0,0.0,0.0,0.002177815,0.0,0.00021895996,0.0,0.0028072072,0.008476036,1.466131e-05,0.0,0.0,0.0,0.0,0.001955939,0.0,0.0,0.0,0.0,0.05248281,0.0,0.0032012956,0.020651633,0.00092336495,0.015168627,0.0,3.3113593e-05,0.00053784763,0.0008581181,0.0040330715,0.0,0.00018088197,0.0016363736
"mainheatcont_description_Programmer, room thermostat and TRVs",0.0,0.0,0.0,0.00024515204,0.0009885419,0.00065590563,0.014174824,0.0107909655,0.0015782343,1.631934e-05,0.0024839863,0.002607712,0.0002544763,0.0,0.00555095,0.023056287,0.009266743,0.0006367963,0.0,0.016746039,3.0146737e-05,0.0,0.0,0.0,0.0,0.019277949,0.03559535,1.6359796e-05,0.020643417,0.35123152,0.00281633,0.021499934,0.00039018382,0.00015043434,0.0009190361,0.13312836,0.0054925582,0.0,0.003935096,0.0013181658
mainheatcont_description_Room thermostat only,0.0239696,0.0,0.0,0.0,0.0,0.0,0.0,0.00043605565,0.0003700652,0.0,0.0,0.0,0.0,0.0,0.001384229,0.0035196675,0.0,0.0,0.00023132263,0.0,0.0,0.0018562801,0.0,0.0,0.0,0.0,0.0,0.0,0.0,0.012005719,0.00063015067,0.0,0.0,0.0,4.8801732e-05,0.0,0.00015815318,0.00045298968,0.0,0.0012514138
mainheatcont_description_Room thermostats only,0.0,0.0,0.0,0.0,0.0,0.0,0.0,0.0036017946,2.8290791e-05,0.0,0.0,0.0,0.0,0.0,0.0,0.0,0.0,0.0,0.0,0.0,0.0,0.0,0.0,0.0,0.0,0.0,0.0,0.0,0.0,0.0,0.0,0.0,0.0,0.0,0.0,0.0,0.0,0.0,0.0,0.0
mainheatcont_description_TRVs and bypass,0.0,0.0,0.0,0.0,0.00010443241,8.19316e-05,0.000243392,0.0011558617,0.002691345,0.0,0.002168419,0.0,0.0,0.0,0.029723616,0.0,0.0,0.0,0.0,0.0,3.6713947e-05,0.0,0.0,0.0,0.0,0.0027445639,0.00037582355,0.0,0.0,0.008299589,0.0011578792,0.0,0.0,0.0,0.00040935253,8.114464e-06,0.00027678654,0.00044596972,0.0,0.0
mainheatcont_description_Time and temperature zone control,0.0016487385,0.0,0.0,0.0001835179,0.0,0.0005854505,0.0,0.0014478688,0.0,0.0,0.0,7.708721e-05,0.0003577439,0.0,0.00020782638,0.0,0.00010407959,3.3625738e-06,8.7770255e-05,0.0,0.0,0.0,0.0,0.0,0.0,0.0,0.00013017676,2.0450278e-05,0.037633497,0.011304548,0.0010058674,0.001566226,3.4845467e-05,0.00024680307,9.5545474e-05,0.0057840995,0.0,0.0,0.0,0.0
mainheatcont_description_other,0.008208297,0.0,8.947573e-05,0.0,0.0,0.0,0.0,0.0,0.0,0.0,0.0,0.0,0.0,0.0,0.0,0.0,0.0,0.0,0.0,0.0,0.0,0.0,0.0,0.0,0.013103921,0.0,9.813948e-05,0.0,0.0,0.0,0.0,0.009641331,0.0001680835,0.0,0.0,0.0,0.0,0.0,0.00013303744,7.252048e-05
main_fuel_LPG,0.0029984228,0.0,0.0,0.0,0.0,0.0,0.07086024,0.009188258,0.01729122,0.0,0.0002192067,0.0003858205,0.017846696,7.139821e-05,0.0012612419,0.0,0.0013611878,0.0,0.0,0.0,0.00019966545,4.024522e-05,0.0,0.0,0.0,0.0,0.0023526994,0.0,0.0,0.0017523767,0.0,0.0,0.0,0.00012229999,0.0002484106,0.0,0.0021989297,0.0,8.6805325e-05,0.0022526458
main_fuel_coal,0.0,0.0,0.0,0.0,0.0003083112,0.0014288365,0.0,0.0,0.0,0.0,0.00049426634,0.00022389297,0.0,0.0,0.0,0.0,0.0,0.0,0.0,0.0,0.0049276464,0.0,0.0,0.00010695376,0.30227995,0.07948062,0.0,0.0,0.0,0.0,0.0005786189,0.0,0.0,4.502471e-05,0.0,3.4688783e-05,0.0011780346,0.00074724684,0.0012095656,0.0058239875
main_fuel_dual fuel - mineral + wood,0.0,0.0,0.001960769,0.0,0.0,0.0,0.0,0.0008176806,0.017662125,0.0,0.0044570905,0.0,0.003691492,0.011322914,0.0,0.0,0.0,0.0,0.0,0.0130289905,0.0028929645,0.0,0.0,0.0068950164,0.0,0.0,0.0,0.0,0.0,0.0003912866,0.0004422166,0.0,0.0,0.00011759682,0.0,0.00015182156,0.0006669048,0.0015913403,0.0,0.006481716
main_fuel_electricity,0.017492738,0.28838995,0.040665206,3.0394509e-05,0.0,0.00042475923,0.0,0.22044605,0.01904413,0.0,0.0,0.0,0.00231377,0.0006645422,0.0,0.0,0.00015740437,0.0,0.000767898,0.0,0.17039919,0.0,0.0,0.037235595,0.0,0.0,0.0075772386,0.0,0.010737731,0.026123434,0.00057514623,0.008048162,0.00018034868,0.0001652849,0.00024194704,0.0,0.018504705,0.0014865263,0.0045190253,0.007635483
main_fuel_electricity (community),0.0,0.0,0.0,0.0,0.0,0.0,0.0,0.0018199983,0.0,0.0,0.0,0.0,0.0,0.0,0.0,0.0,0.0,0.0,0.0,0.0,0.0,0.0,0.0,0.0,0.0,0.0,0.0,0.0,0.0,0.0,0.0,0.0,0.0,0.0,0.0,0.0,0.0,0.0,0.0,0.0
main_fuel_mains gas,0.0018264557,0.0,0.0,0.0010365987,0.00073130074,0.00067579764,0.0011904094,0.004807419,0.16893728,5.3679987e-06,0.018095713,0.018239059,0.0052111875,0.084045045,0.0038018567,0.0046462845,0.01525087,0.0009010082,0.0,0.0002267756,0.013592173,0.0,0.0,0.016190555,0.0,0.0,0.019729136,0.0071228277,0.0,0.0005863259,0.0022530884,0.012845381,0.0022723966,0.00058247126,0.00052522606,0.0025320747,0.1595377,0.01843068,0.05427962,0.08899822
main_fuel_mains gas (community),0.0,0.0,0.0,0.0,0.0,0.00041669194,0.0,0.020126846,0.0,0.0,0.0,0.00020412522,0.0,0.0,0.0,0.0,0.0,0.0,0.0,0.0,0.14646953,0.0,0.0,0.0,0.0,0.0,0.0,0.0,0.0,0.0,0.0034325537,0.01190193,0.00011498512,0.00028526422,0.0,0.0020530496,0.0,0.0047729188,0.008391982,0.01590792
main_fuel_no heating/hot-water system,0.0,0.002670931,0.00041267002,0.0,0.0,0.0,0.017895626,0.0,0.0008648592,0.0,0.0,0.0,0.0,0.0,0.0,0.0,0.00059574493,0.0,0.0,0.0,0.045960262,0.0,0.0,0.0213155,0.0,0.0,0.0,0.0,0.0,0.0,0.0,0.0,0.0,0.0,0.0,0.00034120394,0.0,0.0,0.0,0.0
main_fuel_oil,0.0,0.0,0.0,0.0,0.0,0.0,0.0,0.0035044772,0.03895234,0.0,0.0033034892,7.758317e-05,0.18015671,0.0,0.15492156,0.0,0.0,0.0,0.0,0.028073106,0.004462002,0.0,0.0,0.0,0.017490841,0.0,0.032324757,0.0,0.00028913116,0.0040618433,0.00042705177,0.004215257,0.0004757186,0.0,0.0,7.841223e-05,0.018355012,0.00076932344,0.0029774334,0.028837243
main_fuel_pellets,0.0,0.0,0.0,0.0,6.886818e-05,0.0,0.0,0.0,0.0,0.0,0.0,0.0,0.0,0.0,0.0,0.0,0.0,0.0,0.0,0.0,0.0,0.0,0.0,0.0,0.0,0.0,0.0,0.0,0.0,0.0,0.0,0.0,0.0,0.0,0.0,0.0,0.0,0.0,0.0,0.00050918
main_fuel_wood,0.0,0.0,0.0,0.0,0.0014103968,9.194737e-05,0.0,0.0015402064,0.008990273,0.0,0.0002171513,0.0,0.0028691893,0.0,0.0,0.0,0.0,0.0,0.0,0.0,0.003450141,0.0,0.0,0.000115867595,0.0,0.0,0.0,0.0,0.0,0.0,0.00037120684,0.003921403,0.0,9.735143e-05,0.0,0.00016275658,0.00090665923,0.0008123528,0.0011498319,0.0026228642
heat_loss_corridor_heated corridor,0.054613702,0.0048115463,0.0,5.192866e-05,0.0,0.030667437,0.0,0.015847657,0.00917943,0.0,0.0,0.00041579618,0.0,0.0,0.0,0.011333418,0.0,4.1450276e-06,0.00765388,0.0,0.0027221134,0.0,0.009187202,0.019517083,0.0,0.0,0.0003807105,0.0,0.0,1.2576817e-05,0.0007361815,0.013564022,0.0,0.00014510765,0.0005919925,0.0014144558,0.0002739051,0.001610752,0.0015603345,0.013782854
heat_loss_corridor_no corridor,0.0,0.0,0.0006934978,6.214893e-05,0.000256468,0.0009217331,0.0037482088,0.0035036728,0.01568576,6.247838e-05,0.00090909854,0.0009329602,0.0004126033,0.0,0.0,0.0012656515,0.0,0.042372957,0.0012373088,0.0,0.0,0.0,0.0,0.009074416,0.0,0.0,0.0,8.798478e-06,0.0058136242,0.0,0.0016022652,0.007162229,0.0018022017,0.000247298,0.0002069674,0.00058562617,0.0,0.0001200318,0.007334908,0.00084576453
heat_loss_corridor_unheated corridor,0.0,0.0,0.00035267777,5.991031e-05,0.0,0.0013435693,0.0,0.0060898946,0.021781262,0.0,0.017715309,0.0054935464,0.0,0.0,0.0,0.0,0.0,0.0,0.006763344,0.0,0.0,0.0015456504,0.008013754,0.0008153859,0.0,0.0,8.150962e-05,2.7914027e-06,0.0029698652,0.0,0.0017769404,0.010504389,4.0449795e-05,0.001612307,0.0003667069,4.6761083e-06,0.0,0.0015543977,0.00078576425,0.0038888406
solar_water_heating_flag_N,0.073128395,0.04149217,0.05110206,0.47188893,0.41337392,0.15046833,0.003955047,0.008179801,0.004008024,0.27633154,0.08986129,0.03310966,0.047060743,0.0013431943,0.0041935486,0.05003,0.013946371,0.00041680626,0.026301967,0.014552162,0.0003275501,0.008403621,0.10348961,0.020415068,0.083965115,0.019860584,0.0013910481,0.0007777384,0.0013374678,0.00026430443,0.0082880305,0.0064560426,0.0010357952,0.00028169775,0.0005482434,0.00048123923,0.002543859,0.0011764014,0.017255312,0.090730354
solar_water_heating_flag_Y,0.00015107877,0.00034795454,0.0006395661,0.0082775755,0.0074438294,0.0038636369,0.0,0.0,0.0,0.0019383249,0.0048511713,0.00075685984,0.0064694085,0.0,0.004574728,0.0026762066,0.0010022526,0.0002564918,0.008556775,0.005900418,0.0,0.0,0.0,0.0,0.0,0.012388021,0.0002483885,0.006073396,0.0,0.0,0.0,0.0,0.0,7.307346e-05,0.0,0.0,0.00022852633,1.8213974e-05,0.0,0.00015127631
"mechanical_ventilation_mechanical, extract only",0.0,0.0,0.0,0.0,0.0,0.0,0.0,0.0017645832,0.0,0.00012981382,0.00036854667,0.00072813046,0.0,0.0,0.0,0.0127166305,0.0,0.0,0.027710259,0.0,0.0,0.0,0.0,6.203942e-05,0.0,0.0,0.0,0.0,0.0,0.0,0.00054347236,0.0,0.0,0.00020863824,0.0,0.0,1.5871603e-06,0.00025271054,8.805261e-05,0.0
"mechanical_ventilation_mechanical, supply and extract",0.0,0.0,0.0,0.0,0.0,0.0,0.001208201,0.0007511144,0.0,0.0,0.00193744,0.0,0.0,0.0,0.012102516,0.0,0.0,0.0,0.0,0.0,0.0,0.0,0.0,0.0,0.0,0.0,0.0,0.0,0.0,0.0,7.951872e-05,0.0032930833,0.0,0.0,0.0,0.0,0.0,0.0,0.0,0.0
mechanical_ventilation_natural,0.0,0.0,0.0,8.84191e-05,0.0,0.0,0.0,0.0,0.00014086645,0.15323383,0.03137815,0.0,0.10219955,0.0,0.0,0.009782614,0.0017085371,0.0005504977,0.02618839,0.0,0.0073968596,0.0,0.0,0.0321504,0.0,0.0,0.0,0.0,0.0137829175,0.005390964,0.00232543,0.0,0.0041333823,0.00021188962,0.0,0.0,0.0,0.0016183794,8.086251e-05,0.0
construction_age_band_1900,0.0,0.0,0.0,0.0,0.0,0.0,0.0,0.0,0.0,0.0,0.0,0.0,0.0,0.0,0.0,0.0,0.0,0.0,0.0,0.0,0.0,0.0,0.0,0.0,0.0,0.0,0.0,0.0,0.0,0.0,0.0,0.0,0.0,0.0,0.0,0.0,0.0,0.0,0.0,0.0
construction_age_band_1902,0.0,0.0,0.0,0.0,0.0,0.0,0.0,0.0,0.0,0.0,0.0,0.0,0.0,0.0,0.0,0.0,0.0,0.0,0.0,0.0,0.0,0.0,0.0,0.0,0.0,0.0,0.0,0.0,0.0,0.0,0.0,0.0,0.0,0.0,0.0,0.0,0.0,0.0,0.0,0.0
construction_age_band_2006,0.0,0.0,0.0,0.0,0.0,0.0,0.0,0.0,0.0,0.0,0.0,0.0,0.0,0.0,0.0,0.0,0.0,0.0,0.0,0.0,0.0,0.0,0.0,0.0,0.0,0.0,0.0,0.0,0.0,0.0,0.0,0.0,0.0,0.0,0.0,0.0,0.0,0.0,0.0,0.0
construction_age_band_2009,0.0,0.0,0.0,0.0,0.0,0.0,0.0,0.0,0.0,0.0,0.0,0.0,0.0,0.0,0.0,0.0,0.0,0.0,0.0,0.0,0.0,0.0,0.0,0.0,0.0,0.0,0.0,0.0,0.0,0.0,0.0,0.0,0.0,0.0,0.0,0.0,0.0,0.0,0.0,0.0
construction_age_band_2010,0.0,0.0,0.0,0.0,0.0,0.0,0.0,0.0,0.0,0.0,0.0,0.0,0.0,0.0,0.0,0.0,0.0,0.0,0.0,0.0,0.0,0.0,0.0,0.0,0.0,0.0,0.0,0.0,0.0,0.0,0.0,0.0,0.0,0.0,0.0,0.0,0.0,0.0,0.0,0.0
construction_age_band_2011,0.0,0.0,0.0,0.0,0.0,0.0,0.0,0.0,0.0,0.0,0.0,0.0,0.0,0.0,0.0,0.0,0.0,0.0,0.0,0.0,0.0,0.0,0.0,0.0,0.0,0.0,0.0,0.0,0.0,0.0,0.0,0.0,0.0,0.0,0.0,0.0,0.0,0.0,0.0,0.0
construction_age_band_2012,0.0,0.0,0.0,0.0,0.0,0.0,0.0,0.0,0.0,0.0,0.0,0.0,0.0,0.0,0.0,0.0,0.0,0.0,0.0,0.0,0.0,0.0,0.0,0.0,0.0,0.0,0.0,0.0,0.0,0.0,0.0,0.0,0.0,0.0,0.0,0.0,0.0,0.0,0.0,0.0
construction_age_band_2013,0.0,0.0,0.0,0.0,0.0,0.0,0.0,0.0,0.0,0.0,0.0,0.0,0.0,0.0,0.0,0.0,0.0,0.0,0.0,0.0,0.0,0.0,0.0,0.0,0.0,0.0,0.0,0.0,0.0,0.0,0.0,0.0,0.0,0.0,0.0,0.0,0.0,0.0,0.0,0.0
construction_age_band_2014,0.0,0.0,0.0,0.0,0.0,0.0,0.0,0.0,0.0,0.0,0.0,0.0,0.0,0.0,0.0,0.0,0.0,0.0,0.0,0.0,0.0,0.0,0.0,0.0,0.0,0.0,0.0,0.0,0.0,0.0,0.0,0.0,0.0,0.0,0.0,0.0,0.0,0.0,0.0,0.0
construction_age_band_2015,0.0,0.0,0.0,0.0,0.0,0.0,0.0,0.0,0.0,0.0,0.0,0.0,0.0,0.0,0.0,0.0,0.0,0.0,0.0,0.0,0.0,0.0,0.0,0.0,0.0,0.0,0.0,0.0,0.0,0.0,0.0,0.0,0.0,0.0,0.0,0.0,0.0,0.0,0.0,0.0
construction_age_band_2016,0.0,0.0,0.0,0.0,0.0,0.0,0.0,0.0,0.0,0.0,0.0,0.0,0.0,0.0,0.0,0.0,0.0,0.0,0.0,0.0,0.0,0.0,0.0,0.0,0.0,0.0,0.0,0.0,0.0,0.0,0.0,0.0,0.0,0.0,0.0,0.0,0.0,0.0,0.0,0.0
construction_age_band_2017,0.0,0.0,0.0,0.0,0.0,0.0,0.0,0.0,0.0,0.0,0.0,0.0,0.0,0.0,0.0,0.0,0.0,0.0,0.0,0.0,0.0,0.0,0.0,0.0,0.0,0.0,0.0,0.0,0.0,0.0,0.0,0.0,0.0,0.0,0.0,0.0,0.0,0.0,0.0,0.0
construction_age_band_2018,0.0,0.0,0.0,0.0,0.0,0.0,0.0,0.0,0.0,0.0,0.0,0.0,0.0,0.0,0.0,0.0,0.0,0.0,0.0,0.0,0.0,0.0,0.0,0.0,0.0,0.0,0.0,0.0,0.0,0.0,0.0,0.0,0.0,0.0,0.0,0.0,0.0,0.0,0.0,0.0
construction_age_band_2019,0.0,0.0,0.0,0.0,0.0,0.0,0.0,0.0,0.0,0.0,0.0,0.0,0.0,0.0,0.0,0.0,0.0,0.0,0.0,0.0,0.0,0.0,0.0,0.0,0.0,0.0,0.0,0.0,0.0,0.0,0.0,0.0,0.0,0.0,0.0,0.0,0.0,0.0,0.0,0.0
construction_age_band_2020,0.0,0.0,0.0,0.0,0.0,0.0,0.0,0.0,0.0,0.0,0.0,0.0,0.0,0.0,0.0,0.0,0.0,0.0,0.0,0.0,0.0,0.0,0.0,0.0,0.0,0.0,0.0,0.0,0.0,0.0,0.0,0.0,0.0,0.0,0.0,0.0,0.0,0.0,0.0,0.0
construction_age_band_2021,0.0,0.0,0.0,0.0,0.0,0.0,0.0,0.0,0.0,0.0,0.0,0.0,0.0,0.0,0.0,0.0,0.0,0.0,0.0,0.0,0.0,0.0,0.0,0.0,0.0,0.0,0.0,0.0,0.0,0.0,0.0,0.0,0.0,0.0,0.0,0.0,0.0,0.0,0.0,0.0
construction_age_band_2022,0.0,0.0,0.0,0.0,0.0,0.0,0.0,0.0,0.0,0.0,0.0,0.0,0.0,0.0,0.0,0.0,0.0,0.0,0.0,0.0,0.0,0.0,0.0,0.0,0.0,0.0,0.0,0.0,0.0,0.0,0.0,0.0,0.0,0.0,0.0,0.0,0.0,0.0,0.0,0.0
construction_age_band_England and Wales: 1900-1929,0.022415994,0.0,0.004968888,0.0013581656,0.07660964,0.00032166523,0.0013192652,0.0021222574,0.0018910406,0.0,0.03354843,0.00034723038,0.00028747946,0.00014975565,0.0013732269,0.0,8.836341e-05,0.0,0.00584197,0.0035568336,7.06236e-07,0.0,0.0,0.0,0.0019197294,0.0133653665,2.725502e-05,5.3627323e-06,0.0016206614,0.0,0.0028303568,0.008911592,0.00011652931,0.37763608,0.05395823,7.919307e-05,0.0,0.0,0.000531147,0.0011674112
construction_age_band_England and Wales: 1930-1949,0.0,0.0,4.3378317e-05,0.0124817835,0.14081834,0.0035103648,0.002439537,0.0001588163,1.2511166e-05,0.0,0.002240695,0.0,0.00033655952,0.00020467065,0.00608326,0.0,2.6388176e-05,3.2416303e-08,0.0,0.010214174,0.0,0.0,0.0,0.00028030173,0.0016842884,0.0,5.3265626e-06,3.102629e-06,0.0020272927,0.0,0.00065320806,0.0,4.4818404e-05,0.017925771,0.105651006,0.00014559415,0.00022033635,3.211794e-06,0.0011410959,0.01057906
construction_age_band_England and Wales: 1950-1966,0.0,0.00024212702,0.00018249366,0.0047727874,0.00095896353,0.015114472,0.004007942,0.0014793376,0.007981725,0.0,0.002913823,0.005837113,0.0002545674,0.0,0.0,0.0,0.0,0.00011943566,0.0,0.0067048846,4.0852952e-05,0.0006540381,0.0,0.00046994264,0.010186966,0.011311246,0.00043253868,0.0,0.0024449893,8.405199e-05,0.0016334335,0.0012297961,0.000252827,0.002582103,0.12388054,0.000265979,0.00022953839,0.00031670157,0.0056462847,0.0023067577
construction_age_band_England and Wales: 1967-1975,0.0,0.0,0.005537781,0.0014109084,0.0,0.013162612,0.0013673641,0.004986884,0.018307528,2.621964e-05,0.0060391566,0.006180586,0.00040771245,0.00012247312,0.0053702313,0.0,0.0,0.0,0.0065877545,0.20705044,0.0013416872,0.0008686421,0.0015350751,0.00015761066,0.0015879091,0.021015715,4.3344506e-05,0.0,0.00035751556,1.1438258e-05,0.0014043397,0.0015199616,0.0,0.0017304136,0.09574378,0.0007474317,0.00013239493,0.0013633182,0.003137767,0.006607353
construction_age_band_England and Wales: 1976-1982,0.00092628115,0.00035345423,0.0,0.00017058353,0.00028398642,0.00039871898,0.001989121,0.0014018189,0.001762525,5.7851146e-05,0.0009234945,0.00880336,0.00024753972,1.9327912e-05,0.0015477589,0.015931489,2.6180911e-05,0.0,0.0030939544,0.01580755,0.0,0.0021174003,0.0,0.0,0.0,0.0,3.5128885e-06,9.1159467e-07,0.0026051023,0.0,0.0,0.0,0.0,0.00025023674,0.101276554,3.4259228e-06,0.0,0.0019976783,0.0010014054,0.0009769937
construction_age_band_England and Wales: 1983-1990,0.020833371,0.0005998059,9.795452e-06,0.0001147773,0.00063008,0.009798947,0.004802863,0.00449158,0.0005987269,0.00010899716,0.022631768,0.011754557,0.00022057375,0.00011610047,0.0004146979,0.00023567557,0.0,0.0,0.0003040845,0.0011324607,0.0003403126,0.0,0.006544495,4.4101373e-05,0.0,0.0,0.0010725047,0.0,0.0011616288,0.0,0.0009988525,0.014515689,0.0002884158,0.0004993583,0.08648558,0.0008977747,0.0002700326,0.00022985616,0.0038486568,0.004383067
construction_age_band_England and Wales: 1991-1995,0.11373696,0.00010666644,0.0,8.6415304e-05,0.005084084,0.0,0.004322887,0.0039919796,0.00013796455,0.0,0.0,0.0,0.0,0.0,0.00018130698,0.0041598356,0.0,0.0,0.0034987766,0.0037651837,0.0,0.0,0.0,0.00013735816,0.0,0.0,0.00032681663,0.0,0.0,0.0,0.0,0.0068151667,0.0,0.0,0.06968388,0.00078884047,0.0014008997,0.0030376164,0.005477358,0.0010528137
construction_age_band_England and Wales: 1996-2002,0.021078546,0.0,0.0034563157,0.013825736,0.0,0.0072718584,0.0054504983,0.008493036,0.0002428093,0.0,0.026765913,0.0,0.0001426771,0.0,0.005026065,0.14811394,0.00026219033,0.0,0.0,0.0,0.0,0.0,0.0,0.0,0.0,0.0,0.02760833,0.0,0.002114826,4.6258588e-06,0.0021206252,0.0073016756,0.0003131671,0.0,0.062147133,0.0013155141,0.0,0.0,0.0,0.022424042
construction_age_band_England and Wales: 2003-2006,0.0,0.0,0.0068354653,0.018787442,0.0,0.0,0.0011925664,0.024338214,0.00037883615,0.015746787,0.021820871,0.0063269096,0.00016525341,0.0,0.01368722,0.070950136,0.0007492325,3.0751976e-06,0.008155972,0.0,0.002327077,0.0,0.007811515,0.0027194382,0.0,0.0,0.001778306,0.0,0.003262781,0.0,0.0,0.007180625,0.00024291268,0.0,0.06954949,0.006702982,0.004389833,0.010047788,0.0,0.0048865923
construction_age_band_England and Wales: 2007 onwards,0.00052495877,0.0,0.0,0.002305839,0.0,0.0,0.0,0.007355512,0.0049293293,0.013273234,0.0,0.018477267,0.00023443939,0.0,0.0,0.00012372968,0.00050298974,2.6301355e-05,0.00441195,0.0,0.0,0.0,0.0,0.004404346,0.0,0.0,0.0014482016,3.8759463e-06,0.0057744924,0.00026056444,0.0,0.0,0.0,0.0,0.0,0.003291246,0.0,0.00010083768,0.0,0.0027383298
construction_age_band_England and Wales: 2007-2011,0.0024762312,0.0002481367,0.0,0.0,0.0,0.0,0.0,0.02175178,0.0,0.0,0.0,0.0,0.0,0.0,0.0,0.0,0.0,0.0,0.0,0.0,0.0,0.0,0.0,0.0,0.0,0.0,0.00077847403,0.0,0.008513579,0.0,0.0,0.0,0.0,0.0,0.0,0.0,0.0,0.0,0.0,0.0
construction_age_band_England and Wales: 2012 onwards,0.0,0.0010373591,0.0,0.0,0.0,0.0,0.0,0.0070581436,0.0,0.0,0.0,0.0,0.0,0.0,0.0,0.0,0.0007056701,0.0,0.0,0.0,0.0,0.0,0.0,0.0,0.0,0.0,0.0,0.0,0.0,0.0,0.0,0.0,0.0,0.0,0.0,0.0,0.0,0.0,0.0,0.0
construction_age_band_England and Wales: before 1900,0.02277754,0.0,0.007616394,7.841678e-05,0.028212534,0.0,0.0026235094,0.0050919834,0.0022951062,0.0,0.03798224,0.011787032,0.0029400731,0.0005866972,0.028072448,0.0,0.00027806158,3.0043322e-05,0.0011747079,0.068193346,0.0,0.0,0.0012951618,0.0031169038,0.01499308,0.015047227,0.0007288049,3.8383337e-06,0.0010229796,0.0,0.0028234473,0.0394846,0.0012853222,0.5661022,0.06577367,0.0021146883,0.00021447385,0.00031523744,0.00076613034,0.0005873366
tenure_owner-occupied,0.030174943,0.0,0.0003986482,0.0005296822,0.0043420633,0.0003502995,0.0033222977,0.001652452,0.00080103666,0.020762041,0.0028945082,0.01606658,0.00016933796,0.0,0.013462249,0.0025698107,0.00024355167,0.00058953295,0.0,0.0,0.0,0.0025827815,0.0,0.00013356715,0.0074184462,0.01861554,0.00017965645,0.0,0.0024351974,3.2544376e-05,0.002280631,0.013979229,0.00028961085,8.034942e-05,0.0057563656,0.0029583678,0.0011201501,0.0010380265,0.0012009311,0.002111452
tenure_rental (private),0.0013879745,0.00013929632,0.00022133104,2.4321871e-05,7.533685e-05,7.507698e-05,0.0039476156,0.008210621,0.00045825122,0.0,0.0014362696,0.004601186,0.0,0.0,0.007369139,0.02232651,2.1226877e-05,4.116281e-05,0.0,0.007834389,0.0002396262,0.0016027369,0.0008502364,0.00013566403,0.00068769814,0.005868774,0.00015531968,0.0,0.001566299,6.117723e-05,0.0006772569,0.006806602,7.616271e-05,8.769598e-05,0.0030342143,6.485033e-05,0.0,0.0009181065,0.00033244136,0.0022566912
tenure_rental (social),0.0841439,0.0,0.00034039732,0.0014821533,0.028720155,0.007995524,0.0,0.012569628,0.018683882,0.02906322,0.008265376,0.0049104504,0.0002613186,0.0,0.019624919,0.021084864,0.0030150956,0.0009924582,0.0041620075,0.0,0.0,0.005855098,0.0045515904,0.0020433224,0.0,0.018438635,0.00048355924,1.3737472e-05,0.0016860117,6.9976966e-05,0.0065997597,0.013979905,0.0013681398,0.0005840527,0.012556224,0.008519963,0.00128599,0.0017813627,0.029160343,0.005877623
